ra,nome,nome_anonimizado,origem_aba,fase,turma,indice_registro,ano_pede,risco_real,probabilidade_risco,predicao_limiar_0_5,predicao_limiar_otimo
RA-1275,,Aluno-1275,PEDE2024,ALFA,ALFA A - G0/G1,1874,2024,0,0.02,0,0
RA-1276,,Aluno-1276,PEDE2024,ALFA,ALFA A - G0/G1,1875,2024,0,0.017777777777777778,0,0
RA-1277,,Aluno-1277,PEDE2024,ALFA,ALFA A - G0/G1,1876,2024,0,0.017777777777777778,0,0
RA-868,,Aluno-868,PEDE2024,ALFA,ALFA A - G0/G1,1877,2024,1,0.23333333333333334,0,0
RA-1278,,Aluno-1278,PEDE2024,ALFA,ALFA A - G0/G1,1878,2024,1,0.5666666666666667,1,0
RA-1279,,Aluno-1279,PEDE2024,ALFA,ALFA B - G2/G3,1879,2024,1,0.66,1,1
RA-861,,Aluno-861,PEDE2024,ALFA,ALFA B - G2/G3,1880,2024,1,0.43333333333333335,0,0
RA-862,,Aluno-862,PEDE2024,ALFA,ALFA B - G2/G3,1881,2024,1,0.7644444444444445,1,1
RA-1280,,Aluno-1280,PEDE2024,ALFA,ALFA B - G2/G3,1882,2024,1,0.6377777777777778,1,1
RA-1281,,Aluno-1281,PEDE2024,ALFA,ALFA B - G2/G3,1883,2024,1,0.4111111111111111,0,0
RA-895,,Aluno-895,PEDE2024,ALFA,ALFA B - G2/G3,1884,2024,1,0.46,0,0
RA-884,,Aluno-884,PEDE2024,ALFA,ALFA B - G2/G3,1885,2024,1,0.24666666666666667,0,0
RA-1282,,Aluno-1282,PEDE2024,ALFA,ALFA B - G2/G3,1886,2024,1,0.5066666666666667,1,0
RA-889,,Aluno-889,PEDE2024,ALFA,ALFA B - G2/G3,1887,2024,1,0.4777777777777778,0,0
RA-867,,Aluno-867,PEDE2024,ALFA,ALFA B - G2/G3,1888,2024,1,0.5266666666666666,1,0
RA-1283,,Aluno-1283,PEDE2024,ALFA,ALFA B - G2/G3,1889,2024,1,0.9133333333333333,1,1
RA-891,,Aluno-891,PEDE2024,ALFA,ALFA B - G2/G3,1890,2024,1,0.7333333333333333,1,1
RA-1284,,Aluno-1284,PEDE2024,ALFA,ALFA C - G0/G1,1891,2024,0,0.024444444444444446,0,0
RA-1012,,Aluno-1012,PEDE2024,ALFA,ALFA C - G0/G1,1892,2024,1,0.44222222222222224,0,0
RA-1285,,Aluno-1285,PEDE2024,ALFA,ALFA C - G0/G1,1893,2024,0,0.0044444444444444444,0,0
RA-1286,,Aluno-1286,PEDE2024,ALFA,ALFA C - G0/G1,1894,2024,0,0.024444444444444446,0,0
RA-1287,,Aluno-1287,PEDE2024,ALFA,ALFA C - G0/G1,1895,2024,1,0.27555555555555555,0,0
RA-1288,,Aluno-1288,PEDE2024,ALFA,ALFA C - G0/G1,1896,2024,0,0.024444444444444446,0,0
RA-1289,,Aluno-1289,PEDE2024,ALFA,ALFA D - G2/G3,1897,2024,1,0.7088888888888889,1,1
RA-1290,,Aluno-1290,PEDE2024,ALFA,ALFA D - G2/G3,1898,2024,1,0.6222222222222222,1,1
RA-1291,,Aluno-1291,PEDE2024,ALFA,ALFA D - G2/G3,1899,2024,1,0.6,1,1
RA-885,,Aluno-885,PEDE2024,ALFA,ALFA D - G2/G3,1900,2024,1,0.5244444444444445,1,0
RA-1292,,Aluno-1292,PEDE2024,ALFA,ALFA D - G2/G3,1901,2024,1,0.5111111111111111,1,0
RA-1293,,Aluno-1293,PEDE2024,ALFA,ALFA D - G2/G3,1902,2024,1,0.5955555555555555,1,0
RA-888,,Aluno-888,PEDE2024,ALFA,ALFA D - G2/G3,1903,2024,1,0.21333333333333335,0,0
RA-1294,,Aluno-1294,PEDE2024,ALFA,ALFA D - G2/G3,1904,2024,1,0.8444444444444444,1,1
RA-1009,,Aluno-1009,PEDE2024,ALFA,ALFA E - G2/G3,1905,2024,1,0.5688888888888889,1,0
RA-1013,,Aluno-1013,PEDE2024,ALFA,ALFA E - G2/G3,1906,2024,1,0.26222222222222225,0,0
RA-1295,,Aluno-1295,PEDE2024,ALFA,ALFA E - G2/G3,1907,2024,0,0.06444444444444444,0,0
RA-1296,,Aluno-1296,PEDE2024,ALFA,ALFA E - G2/G3,1908,2024,1,0.43555555555555553,0,0
RA-863,,Aluno-863,PEDE2024,ALFA,ALFA E - G2/G3,1909,2024,1,0.4222222222222222,0,0
RA-1297,,Aluno-1297,PEDE2024,ALFA,ALFA E - G2/G3,1910,2024,1,0.24666666666666667,0,0
RA-1014,,Aluno-1014,PEDE2024,ALFA,ALFA E - G2/G3,1911,2024,1,0.21333333333333335,0,0
RA-880,,Aluno-880,PEDE2024,ALFA,ALFA E - G2/G3,1912,2024,1,0.39111111111111113,0,0
RA-886,,Aluno-886,PEDE2024,ALFA,ALFA E - G2/G3,1913,2024,1,0.2288888888888889,0,0
RA-1298,,Aluno-1298,PEDE2024,ALFA,ALFA E - G2/G3,1914,2024,0,0.0044444444444444444,0,0
RA-1299,,Aluno-1299,PEDE2024,ALFA,ALFA E - G2/G3,1915,2024,1,0.8711111111111111,1,1
RA-904,,Aluno-904,PEDE2024,ALFA,ALFA F - G0/G1,1916,2024,1,0.19333333333333333,0,0
RA-1300,,Aluno-1300,PEDE2024,ALFA,ALFA F - G0/G1,1917,2024,1,0.2688888888888889,0,0
RA-1301,,Aluno-1301,PEDE2024,ALFA,ALFA F - G0/G1,1918,2024,1,0.3422222222222222,0,0
RA-1302,,Aluno-1302,PEDE2024,ALFA,ALFA F - G0/G1,1919,2024,0,0.21333333333333335,0,0
RA-1303,,Aluno-1303,PEDE2024,ALFA,ALFA F - G0/G1,1920,2024,0,0.015555555555555555,0,0
RA-1304,,Aluno-1304,PEDE2024,ALFA,ALFA G - G2/G3,1921,2024,1,0.8888888888888888,1,1
RA-1305,,Aluno-1305,PEDE2024,ALFA,ALFA G - G2/G3,1922,2024,1,0.30444444444444446,0,0
RA-1306,,Aluno-1306,PEDE2024,ALFA,ALFA G - G2/G3,1923,2024,1,0.24,0,0
RA-702,,Aluno-702,PEDE2024,ALFA,ALFA G - G2/G3,1924,2024,1,0.7466666666666667,1,1
RA-725,,Aluno-725,PEDE2024,ALFA,ALFA G - G2/G3,1925,2024,1,0.6333333333333333,1,1
RA-912,,Aluno-912,PEDE2024,ALFA,ALFA G - G2/G3,1926,2024,1,0.6911111111111111,1,1
RA-918,,Aluno-918,PEDE2024,ALFA,ALFA G - G2/G3,1927,2024,1,0.3622222222222222,0,0
RA-920,,Aluno-920,PEDE2024,ALFA,ALFA G - G2/G3,1928,2024,1,0.6688888888888889,1,1
RA-1307,,Aluno-1307,PEDE2024,ALFA,ALFA H - G0/G1,1929,2024,0,0.02,0,0
RA-1308,,Aluno-1308,PEDE2024,ALFA,ALFA H - G0/G1,1930,2024,1,0.3466666666666667,0,0
RA-1309,,Aluno-1309,PEDE2024,ALFA,ALFA H - G0/G1,1931,2024,0,0.0044444444444444444,0,0
RA-1310,,Aluno-1310,PEDE2024,ALFA,ALFA H - G0/G1,1932,2024,0,0.02,0,0
RA-1311,,Aluno-1311,PEDE2024,ALFA,ALFA H - G0/G1,1933,2024,0,0.1622222222222222,0,0
RA-1312,,Aluno-1312,PEDE2024,ALFA,ALFA H - G0/G1,1934,2024,1,0.5866666666666667,1,0
RA-1313,,Aluno-1313,PEDE2024,ALFA,ALFA H - G0/G1,1935,2024,0,0.07777777777777778,0,0
RA-1314,,Aluno-1314,PEDE2024,ALFA,ALFA H - G0/G1,1936,2024,0,0.0022222222222222222,0,0
RA-1315,,Aluno-1315,PEDE2024,ALFA,ALFA H - G0/G1,1937,2024,0,0.011111111111111112,0,0
RA-921,,Aluno-921,PEDE2024,ALFA,ALFA I - G2/G3,1938,2024,1,0.3488888888888889,0,0
RA-1316,,Aluno-1316,PEDE2024,ALFA,ALFA I - G2/G3,1939,2024,1,0.6555555555555556,1,1
RA-1317,,Aluno-1317,PEDE2024,ALFA,ALFA I - G2/G3,1940,2024,1,0.9044444444444445,1,1
RA-897,,Aluno-897,PEDE2024,ALFA,ALFA I - G2/G3,1941,2024,1,0.9177777777777778,1,1
RA-908,,Aluno-908,PEDE2024,ALFA,ALFA I - G2/G3,1942,2024,1,0.6288888888888889,1,1
RA-916,,Aluno-916,PEDE2024,ALFA,ALFA I - G2/G3,1943,2024,1,0.8444444444444444,1,1
RA-924,,Aluno-924,PEDE2024,ALFA,ALFA I - G2/G3,1944,2024,1,0.8533333333333334,1,1
RA-925,,Aluno-925,PEDE2024,ALFA,ALFA I - G2/G3,1945,2024,1,0.49333333333333335,0,0
RA-1008,,Aluno-1008,PEDE2024,ALFA,ALFA I - G2/G3,1946,2024,1,0.8288888888888889,1,1
RA-919,,Aluno-919,PEDE2024,ALFA,ALFA I - G2/G3,1947,2024,1,0.9044444444444445,1,1
RA-1318,,Aluno-1318,PEDE2024,ALFA,ALFA I - G2/G3,1948,2024,1,0.28444444444444444,0,0
RA-1003,,Aluno-1003,PEDE2024,ALFA,ALFA J - G2/G3,1949,2024,1,0.8533333333333334,1,1
RA-1004,,Aluno-1004,PEDE2024,ALFA,ALFA J - G2/G3,1950,2024,1,0.8577777777777778,1,1
RA-1006,,Aluno-1006,PEDE2024,ALFA,ALFA J - G2/G3,1951,2024,1,0.7044444444444444,1,1
RA-1319,,Aluno-1319,PEDE2024,ALFA,ALFA J - G2/G3,1952,2024,1,0.8155555555555556,1,1
RA-858,,Aluno-858,PEDE2024,ALFA,ALFA J - G2/G3,1953,2024,1,0.8955555555555555,1,1
RA-905,,Aluno-905,PEDE2024,ALFA,ALFA J - G2/G3,1954,2024,1,0.8733333333333333,1,1
RA-907,,Aluno-907,PEDE2024,ALFA,ALFA J - G2/G3,1955,2024,1,0.8466666666666667,1,1
RA-1320,,Aluno-1320,PEDE2024,ALFA,ALFA J - G2/G3,1956,2024,1,0.9733333333333334,1,1
RA-909,,Aluno-909,PEDE2024,ALFA,ALFA J - G2/G3,1957,2024,1,0.8888888888888888,1,1
RA-729,,Aluno-729,PEDE2024,ALFA,ALFA J - G2/G3,1958,2024,1,0.6244444444444445,1,1
RA-1321,,Aluno-1321,PEDE2024,ALFA,ALFA K - G0/G1,1959,2024,0,0.0044444444444444444,0,0
RA-1322,,Aluno-1322,PEDE2024,ALFA,ALFA K - G0/G1,1960,2024,0,0.011111111111111112,0,0
RA-1323,,Aluno-1323,PEDE2024,ALFA,ALFA K - G0/G1,1961,2024,1,0.9044444444444445,1,1
RA-1324,,Aluno-1324,PEDE2024,ALFA,ALFA K - G0/G1,1962,2024,1,0.9244444444444444,1,1
RA-931,,Aluno-931,PEDE2024,ALFA,ALFA K - G0/G1,1963,2024,1,0.9111111111111111,1,1
RA-1325,,Aluno-1325,PEDE2024,ALFA,ALFA K - G0/G1,1964,2024,0,0.02666666666666667,0,0
RA-1326,,Aluno-1326,PEDE2024,ALFA,ALFA K - G0/G1,1965,2024,0,0.19777777777777777,0,0
RA-1327,,Aluno-1327,PEDE2024,ALFA,ALFA K - G0/G1,1966,2024,0,0.017777777777777778,0,0
RA-1328,,Aluno-1328,PEDE2024,ALFA,ALFA K - G0/G1,1967,2024,1,0.32,0,0
RA-1329,,Aluno-1329,PEDE2024,ALFA,ALFA K - G0/G1,1968,2024,0,0.02666666666666667,0,0
RA-1330,,Aluno-1330,PEDE2024,ALFA,ALFA K - G0/G1,1969,2024,0,0.02,0,0
RA-1331,,Aluno-1331,PEDE2024,ALFA,ALFA K - G0/G1,1970,2024,0,0.015555555555555555,0,0
RA-944,,Aluno-944,PEDE2024,ALFA,ALFA L - G2/G3,1971,2024,1,0.9533333333333334,1,1
RA-1332,,Aluno-1332,PEDE2024,ALFA,ALFA L - G2/G3,1972,2024,1,0.9222222222222223,1,1
RA-754,,Aluno-754,PEDE2024,ALFA,ALFA L - G2/G3,1973,2024,1,0.88,1,1
RA-1333,,Aluno-1333,PEDE2024,ALFA,ALFA L - G2/G3,1974,2024,1,0.5844444444444444,1,0
RA-934,,Aluno-934,PEDE2024,ALFA,ALFA L - G2/G3,1975,2024,1,0.7822222222222223,1,1
RA-1334,,Aluno-1334,PEDE2024,ALFA,ALFA L - G2/G3,1976,2024,1,0.6044444444444445,1,1
RA-941,,Aluno-941,PEDE2024,ALFA,ALFA L - G2/G3,1977,2024,1,0.7266666666666667,1,1
RA-756,,Aluno-756,PEDE2024,ALFA,ALFA L - G2/G3,1978,2024,1,0.8266666666666667,1,1
RA-1335,,Aluno-1335,PEDE2024,ALFA,ALFA L - G2/G3,1979,2024,1,0.9066666666666666,1,1
RA-773,,Aluno-773,PEDE2024,ALFA,ALFA L - G2/G3,1980,2024,1,0.7955555555555556,1,1
RA-938,,Aluno-938,PEDE2024,ALFA,ALFA L - G2/G3,1981,2024,1,0.9133333333333333,1,1
RA-1336,,Aluno-1336,PEDE2024,ALFA,ALFA M - G0/G1,1982,2024,1,0.4955555555555556,0,0
RA-1337,,Aluno-1337,PEDE2024,ALFA,ALFA M - G0/G1,1983,2024,1,0.8822222222222222,1,1
RA-1338,,Aluno-1338,PEDE2024,ALFA,ALFA M - G0/G1,1984,2024,1,0.3888888888888889,0,0
RA-1339,,Aluno-1339,PEDE2024,ALFA,ALFA M - G0/G1,1985,2024,1,0.3488888888888889,0,0
RA-1340,,Aluno-1340,PEDE2024,ALFA,ALFA M - G0/G1,1986,2024,0,0.02666666666666667,0,0
RA-1341,,Aluno-1341,PEDE2024,ALFA,ALFA M - G0/G1,1987,2024,1,0.66,1,1
RA-947,,Aluno-947,PEDE2024,ALFA,ALFA M - G0/G1,1988,2024,1,0.8488888888888889,1,1
RA-1342,,Aluno-1342,PEDE2024,ALFA,ALFA M - G0/G1,1989,2024,1,0.3466666666666667,0,0
RA-1343,,Aluno-1343,PEDE2024,ALFA,ALFA M - G0/G1,1990,2024,0,0.015555555555555555,0,0
RA-1344,,Aluno-1344,PEDE2024,ALFA,ALFA N - G2/G3,1991,2024,0,0.02,0,0
RA-945,,Aluno-945,PEDE2024,ALFA,ALFA N - G2/G3,1992,2024,1,0.8466666666666667,1,1
RA-946,,Aluno-946,PEDE2024,ALFA,ALFA N - G2/G3,1993,2024,1,0.3088888888888889,0,0
RA-1345,,Aluno-1345,PEDE2024,ALFA,ALFA N - G2/G3,1994,2024,1,0.9155555555555556,1,1
RA-771,,Aluno-771,PEDE2024,ALFA,ALFA N - G2/G3,1995,2024,1,0.7555555555555555,1,1
RA-1346,,Aluno-1346,PEDE2024,ALFA,ALFA N - G2/G3,1996,2024,0,0.0044444444444444444,0,0
RA-1347,,Aluno-1347,PEDE2024,ALFA,ALFA N - G2/G3,1997,2024,1,0.7333333333333333,1,1
RA-949,,Aluno-949,PEDE2024,ALFA,ALFA N - G2/G3,1998,2024,1,0.9,1,1
RA-950,,Aluno-950,PEDE2024,ALFA,ALFA N - G2/G3,1999,2024,1,0.8288888888888889,1,1
RA-951,,Aluno-951,PEDE2024,ALFA,ALFA N - G2/G3,2000,2024,1,0.4866666666666667,0,0
RA-1002,,Aluno-1002,PEDE2024,ALFA,ALFA N - G2/G3,2001,2024,1,0.9577777777777777,1,1
RA-774,,Aluno-774,PEDE2024,ALFA,ALFA N - G2/G3,2002,2024,1,0.8444444444444444,1,1
RA-749,,Aluno-749,PEDE2024,ALFA,ALFA O - G2/G3,2003,2024,1,0.9688888888888889,1,1
RA-929,,Aluno-929,PEDE2024,ALFA,ALFA O - G2/G3,2004,2024,1,0.6911111111111111,1,1
RA-930,,Aluno-930,PEDE2024,ALFA,ALFA O - G2/G3,2005,2024,1,0.7755555555555556,1,1
RA-787,,Aluno-787,PEDE2024,ALFA,ALFA O - G2/G3,2006,2024,1,0.9511111111111111,1,1
RA-1348,,Aluno-1348,PEDE2024,ALFA,ALFA O - G2/G3,2007,2024,1,0.32,0,0
RA-935,,Aluno-935,PEDE2024,ALFA,ALFA O - G2/G3,2008,2024,1,0.92,1,1
RA-1349,,Aluno-1349,PEDE2024,ALFA,ALFA O - G2/G3,2009,2024,1,0.9466666666666667,1,1
RA-937,,Aluno-937,PEDE2024,ALFA,ALFA O - G2/G3,2010,2024,1,0.6155555555555555,1,1
RA-1350,,Aluno-1350,PEDE2024,ALFA,ALFA O - G2/G3,2011,2024,1,0.9266666666666666,1,1
RA-1351,,Aluno-1351,PEDE2024,ALFA,ALFA O - G2/G3,2012,2024,1,0.8466666666666667,1,1
RA-959,,Aluno-959,PEDE2024,ALFA,ALFA O - G2/G3,2013,2024,1,0.6666666666666666,1,1
RA-1352,,Aluno-1352,PEDE2024,ALFA,ALFA O - G2/G3,2014,2024,1,0.8177777777777778,1,1
RA-1353,,Aluno-1353,PEDE2024,ALFA,ALFA Q - G2/G3,2015,2024,1,0.8911111111111111,1,1
RA-1354,,Aluno-1354,PEDE2024,ALFA,ALFA Q - G2/G3,2016,2024,1,0.8377777777777777,1,1
RA-979,,Aluno-979,PEDE2024,ALFA,ALFA Q - G2/G3,2017,2024,1,0.9422222222222222,1,1
RA-1355,,Aluno-1355,PEDE2024,ALFA,ALFA Q - G2/G3,2018,2024,1,0.9288888888888889,1,1
RA-971,,Aluno-971,PEDE2024,ALFA,ALFA Q - G2/G3,2019,2024,1,0.8866666666666667,1,1
RA-972,,Aluno-972,PEDE2024,ALFA,ALFA Q - G2/G3,2020,2024,1,0.9,1,1
RA-965,,Aluno-965,PEDE2024,ALFA,ALFA Q - G2/G3,2021,2024,1,0.9355555555555556,1,1
RA-973,,Aluno-973,PEDE2024,ALFA,ALFA Q - G2/G3,2022,2024,1,0.8355555555555556,1,1
RA-1356,,Aluno-1356,PEDE2024,ALFA,ALFA Q - G2/G3,2023,2024,0,0.006666666666666667,0,0
RA-966,,Aluno-966,PEDE2024,ALFA,ALFA Q - G2/G3,2024,2024,1,0.9533333333333334,1,1
RA-1357,,Aluno-1357,PEDE2024,ALFA,ALFA Q - G2/G3,2025,2024,1,0.8533333333333334,1,1
RA-969,,Aluno-969,PEDE2024,ALFA,ALFA Q - G2/G3,2026,2024,1,0.6822222222222222,1,1
RA-1358,,Aluno-1358,PEDE2024,ALFA,ALFA R - G0/G1,2027,2024,0,0.06888888888888889,0,0
RA-1359,,Aluno-1359,PEDE2024,ALFA,ALFA R - G0/G1,2028,2024,0,0.008888888888888889,0,0
RA-1360,,Aluno-1360,PEDE2024,ALFA,ALFA R - G0/G1,2029,2024,0,0.21777777777777776,0,0
RA-1361,,Aluno-1361,PEDE2024,ALFA,ALFA R - G0/G1,2030,2024,0,0.024444444444444446,0,0
RA-975,,Aluno-975,PEDE2024,ALFA,ALFA R - G0/G1,2031,2024,1,0.36,0,0
RA-1362,,Aluno-1362,PEDE2024,ALFA,ALFA R - G0/G1,2032,2024,0,0.011111111111111112,0,0
RA-977,,Aluno-977,PEDE2024,ALFA,ALFA R - G0/G1,2033,2024,1,0.38,0,0
RA-1363,,Aluno-1363,PEDE2024,ALFA,ALFA S - G2/G3,2034,2024,0,0.006666666666666667,0,0
RA-981,,Aluno-981,PEDE2024,ALFA,ALFA S - G2/G3,2035,2024,1,0.3422222222222222,0,0
RA-1364,,Aluno-1364,PEDE2024,ALFA,ALFA S - G2/G3,2036,2024,1,0.9466666666666667,1,1
RA-1365,,Aluno-1365,PEDE2024,ALFA,ALFA S - G2/G3,2037,2024,1,0.7755555555555556,1,1
RA-1366,,Aluno-1366,PEDE2024,ALFA,ALFA S - G2/G3,2038,2024,1,0.3377777777777778,0,0
RA-974,,Aluno-974,PEDE2024,ALFA,ALFA S - G2/G3,2039,2024,1,0.38666666666666666,0,0
RA-1367,,Aluno-1367,PEDE2024,ALFA,ALFA S - G2/G3,2040,2024,0,0.0044444444444444444,0,0
RA-1368,,Aluno-1368,PEDE2024,ALFA,ALFA S - G2/G3,2041,2024,0,0.011111111111111112,0,0
RA-1369,,Aluno-1369,PEDE2024,ALFA,ALFA S - G2/G3,2042,2024,0,0.0044444444444444444,0,0
RA-978,,Aluno-978,PEDE2024,ALFA,ALFA S - G2/G3,2043,2024,1,0.2822222222222222,0,0
RA-1370,,Aluno-1370,PEDE2024,ALFA,ALFA S - G2/G3,2044,2024,1,0.8955555555555555,1,1
RA-1371,,Aluno-1371,PEDE2024,ALFA,ALFA S - G2/G3,2045,2024,1,0.8066666666666666,1,1
RA-1372,,Aluno-1372,PEDE2024,ALFA,ALFA T - G2/G3,2046,2024,0,0.011111111111111112,0,0
RA-1373,,Aluno-1373,PEDE2024,ALFA,ALFA T - G2/G3,2047,2024,1,0.7488888888888889,1,1
RA-1374,,Aluno-1374,PEDE2024,ALFA,ALFA T - G2/G3,2048,2024,1,0.8088888888888889,1,1
RA-1375,,Aluno-1375,PEDE2024,ALFA,ALFA T - G2/G3,2049,2024,1,0.92,1,1
RA-1376,,Aluno-1376,PEDE2024,ALFA,ALFA T - G2/G3,2050,2024,1,0.8533333333333334,1,1
RA-994,,Aluno-994,PEDE2024,ALFA,ALFA T - G2/G3,2051,2024,1,0.8244444444444444,1,1
RA-1377,,Aluno-1377,PEDE2024,ALFA,ALFA T - G2/G3,2052,2024,0,0.008888888888888889,0,0
RA-1378,,Aluno-1378,PEDE2024,ALFA,ALFA U - G2/G3,2053,2024,1,0.9488888888888889,1,1
RA-1379,,Aluno-1379,PEDE2024,ALFA,ALFA U - G2/G3,2054,2024,1,0.5088888888888888,1,0
RA-1380,,Aluno-1380,PEDE2024,ALFA,ALFA U - G2/G3,2055,2024,0,0.022222222222222223,0,0
RA-770,,Aluno-770,PEDE2024,ALFA,ALFA U - G2/G3,2056,2024,1,0.6466666666666666,1,1
RA-1381,,Aluno-1381,PEDE2024,ALFA,ALFA U - G2/G3,2057,2024,0,0.024444444444444446,0,0
RA-1382,,Aluno-1382,PEDE2024,ALFA,ALFA U - G2/G3,2058,2024,1,0.8955555555555555,1,1
RA-1383,,Aluno-1383,PEDE2024,ALFA,ALFA U - G2/G3,2059,2024,0,0.0044444444444444444,0,0
RA-1384,,Aluno-1384,PEDE2024,ALFA,ALFA U - G2/G3,2060,2024,1,0.8488888888888889,1,1
RA-1385,,Aluno-1385,PEDE2024,ALFA,ALFA U - G2/G3,2061,2024,1,0.35333333333333333,0,0
RA-1386,,Aluno-1386,PEDE2024,ALFA,ALFA U - G2/G3,2062,2024,1,0.32222222222222224,0,0
RA-1387,,Aluno-1387,PEDE2024,ALFA,ALFA U - G2/G3,2063,2024,1,0.3244444444444444,0,0
RA-1388,,Aluno-1388,PEDE2024,ALFA,ALFA Y - G0/G1,2064,2024,1,0.2822222222222222,0,0
RA-1389,,Aluno-1389,PEDE2024,ALFA,ALFA Y - G0/G1,2065,2024,0,0.024444444444444446,0,0
RA-1390,,Aluno-1390,PEDE2024,ALFA,ALFA Y - G0/G1,2066,2024,0,0.011111111111111112,0,0
RA-1391,,Aluno-1391,PEDE2024,ALFA,ALFA Y - G0/G1,2067,2024,0,0.017777777777777778,0,0
RA-1392,,Aluno-1392,PEDE2024,ALFA,ALFA Y - G0/G1,2068,2024,1,0.7155555555555555,1,1
RA-1393,,Aluno-1393,PEDE2024,ALFA,ALFA Y - G0/G1,2069,2024,0,0.03333333333333333,0,0
RA-990,,Aluno-990,PEDE2024,1A,1A,2070,2024,1,0.8888888888888888,1,1
RA-1394,,Aluno-1394,PEDE2024,1A,1A,2071,2024,1,0.7844444444444445,1,1
RA-991,,Aluno-991,PEDE2024,1A,1A,2072,2024,1,0.7777777777777778,1,1
RA-1018,,Aluno-1018,PEDE2024,1A,1A,2073,2024,1,0.8622222222222222,1,1
RA-1395,,Aluno-1395,PEDE2024,1A,1A,2074,2024,0,0.3622222222222222,0,0
RA-1396,,Aluno-1396,PEDE2024,1A,1A,2075,2024,1,0.66,1,1
RA-1025,,Aluno-1025,PEDE2024,1A,1A,2076,2024,1,0.9066666666666666,1,1
RA-1019,,Aluno-1019,PEDE2024,1A,1A,2077,2024,0,0.6777777777777778,1,1
RA-879,,Aluno-879,PEDE2024,1A,1A,2078,2024,1,0.8533333333333334,1,1
RA-1020,,Aluno-1020,PEDE2024,1A,1A,2079,2024,0,0.7977777777777778,1,1
RA-1021,,Aluno-1021,PEDE2024,1A,1A,2080,2024,1,0.8511111111111112,1,1
RA-1022,,Aluno-1022,PEDE2024,1A,1A,2081,2024,1,0.6755555555555556,1,1
RA-1397,,Aluno-1397,PEDE2024,1A,1A,2082,2024,1,0.6488888888888888,1,1
RA-699,,Aluno-699,PEDE2024,1A,1A,2083,2024,1,0.8133333333333334,1,1
RA-1398,,Aluno-1398,PEDE2024,1B,1B,2084,2024,1,0.68,1,1
RA-871,,Aluno-871,PEDE2024,1B,1B,2085,2024,0,0.7066666666666667,1,1
RA-1399,,Aluno-1399,PEDE2024,1B,1B,2086,2024,1,0.6933333333333334,1,1
RA-873,,Aluno-873,PEDE2024,1B,1B,2087,2024,1,0.7977777777777778,1,1
RA-898,,Aluno-898,PEDE2024,1B,1B,2088,2024,1,0.6155555555555555,1,1
RA-750,,Aluno-750,PEDE2024,1B,1B,2089,2024,1,0.8088888888888889,1,1
RA-899,,Aluno-899,PEDE2024,1B,1B,2090,2024,0,0.4222222222222222,0,0
RA-878,,Aluno-878,PEDE2024,1B,1B,2091,2024,1,0.78,1,1
RA-893,,Aluno-893,PEDE2024,1B,1B,2092,2024,0,0.6377777777777778,1,1
RA-1024,,Aluno-1024,PEDE2024,1B,1B,2093,2024,1,0.6822222222222222,1,1
RA-900,,Aluno-900,PEDE2024,1B,1B,2094,2024,0,0.4711111111111111,0,0
RA-903,,Aluno-903,PEDE2024,1B,1B,2095,2024,0,0.4111111111111111,0,0
RA-1400,,Aluno-1400,PEDE2024,1B,1B,2096,2024,0,0.5244444444444445,1,0
RA-851,,Aluno-851,PEDE2024,1B,1B,2097,2024,1,0.7533333333333333,1,1
RA-1028,,Aluno-1028,PEDE2024,1B,1B,2098,2024,1,0.8333333333333334,1,1
RA-922,,Aluno-922,PEDE2024,1C,1C,2099,2024,0,0.7355555555555555,1,1
RA-684,,Aluno-684,PEDE2024,1C,1C,2100,2024,0,0.4866666666666667,0,0
RA-1031,,Aluno-1031,PEDE2024,1C,1C,2101,2024,1,0.9511111111111111,1,1
RA-892,,Aluno-892,PEDE2024,1C,1C,2102,2024,0,0.7022222222222222,1,1
RA-1029,,Aluno-1029,PEDE2024,1C,1C,2103,2024,1,0.9288888888888889,1,1
RA-1032,,Aluno-1032,PEDE2024,1C,1C,2104,2024,1,0.9688888888888889,1,1
RA-894,,Aluno-894,PEDE2024,1C,1C,2105,2024,1,0.8088888888888889,1,1
RA-1401,,Aluno-1401,PEDE2024,1C,1C,2106,2024,1,0.8755555555555555,1,1
RA-896,,Aluno-896,PEDE2024,1C,1C,2107,2024,0,0.35777777777777775,0,0
RA-693,,Aluno-693,PEDE2024,1C,1C,2108,2024,0,0.7911111111111111,1,1
RA-743,,Aluno-743,PEDE2024,1C,1C,2109,2024,1,0.9422222222222222,1,1
RA-681,,Aluno-681,PEDE2024,1C,1C,2110,2024,1,0.8355555555555556,1,1
RA-1035,,Aluno-1035,PEDE2024,1C,1C,2111,2024,1,0.8333333333333334,1,1
RA-850,,Aluno-850,PEDE2024,1C,1C,2112,2024,1,0.8888888888888888,1,1
RA-1402,,Aluno-1402,PEDE2024,1D,1D,2113,2024,0,0.8466666666666667,1,1
RA-1403,,Aluno-1403,PEDE2024,1D,1D,2114,2024,1,0.8666666666666667,1,1
RA-1404,,Aluno-1404,PEDE2024,1D,1D,2115,2024,0,0.6822222222222222,1,1
RA-923,,Aluno-923,PEDE2024,1D,1D,2116,2024,0,0.6733333333333333,1,1
RA-847,,Aluno-847,PEDE2024,1D,1D,2117,2024,1,0.7888888888888889,1,1
RA-1405,,Aluno-1405,PEDE2024,1D,1D,2118,2024,0,0.9333333333333333,1,1
RA-1406,,Aluno-1406,PEDE2024,1D,1D,2119,2024,1,0.8511111111111112,1,1
RA-1407,,Aluno-1407,PEDE2024,1D,1D,2120,2024,1,0.9266666666666666,1,1
RA-1408,,Aluno-1408,PEDE2024,1D,1D,2121,2024,1,0.9022222222222223,1,1
RA-1409,,Aluno-1409,PEDE2024,1D,1D,2122,2024,1,0.8955555555555555,1,1
RA-1410,,Aluno-1410,PEDE2024,1E,1E,2123,2024,1,0.9288888888888889,1,1
RA-874,,Aluno-874,PEDE2024,1E,1E,2124,2024,1,0.8377777777777777,1,1
RA-1411,,Aluno-1411,PEDE2024,1E,1E,2125,2024,1,0.84,1,1
RA-1412,,Aluno-1412,PEDE2024,1E,1E,2126,2024,0,0.8044444444444444,1,1
RA-690,,Aluno-690,PEDE2024,1E,1E,2127,2024,1,0.7133333333333334,1,1
RA-1413,,Aluno-1413,PEDE2024,1E,1E,2128,2024,1,0.9511111111111111,1,1
RA-1414,,Aluno-1414,PEDE2024,1E,1E,2129,2024,0,0.9177777777777778,1,1
RA-995,,Aluno-995,PEDE2024,1E,1E,2130,2024,1,0.88,1,1
RA-853,,Aluno-853,PEDE2024,1G,1G,2131,2024,0,0.30444444444444446,0,0
RA-854,,Aluno-854,PEDE2024,1G,1G,2132,2024,0,0.5022222222222222,1,0
RA-1415,,Aluno-1415,PEDE2024,1G,1G,2133,2024,1,0.76,1,1
RA-842,,Aluno-842,PEDE2024,1G,1G,2134,2024,1,0.6844444444444444,1,1
RA-700,,Aluno-700,PEDE2024,1G,1G,2135,2024,1,0.29333333333333333,0,0
RA-1416,,Aluno-1416,PEDE2024,1G,1G,2136,2024,1,0.6644444444444444,1,1
RA-911,,Aluno-911,PEDE2024,1G,1G,2137,2024,1,0.8644444444444445,1,1
RA-859,,Aluno-859,PEDE2024,1G,1G,2138,2024,0,0.23555555555555555,0,0
RA-860,,Aluno-860,PEDE2024,1G,1G,2139,2024,0,0.45555555555555555,0,0
RA-727,,Aluno-727,PEDE2024,1G,1G,2140,2024,0,0.7666666666666667,1,1
RA-1417,,Aluno-1417,PEDE2024,1G,1G,2141,2024,1,0.8711111111111111,1,1
RA-910,,Aluno-910,PEDE2024,1G,1G,2142,2024,0,0.5333333333333333,1,0
RA-840,,Aluno-840,PEDE2024,1G,1G,2143,2024,0,0.6355555555555555,1,1
RA-926,,Aluno-926,PEDE2024,1G,1G,2144,2024,1,0.74,1,1
RA-1418,,Aluno-1418,PEDE2024,1G,1G,2145,2024,1,0.8844444444444445,1,1
RA-927,,Aluno-927,PEDE2024,1G,1G,2146,2024,0,0.7022222222222222,1,1
RA-672,,Aluno-672,PEDE2024,1H,1H,2147,2024,1,0.6555555555555556,1,1
RA-1043,,Aluno-1043,PEDE2024,1H,1H,2148,2024,1,0.8311111111111111,1,1
RA-738,,Aluno-738,PEDE2024,1H,1H,2149,2024,1,0.82,1,1
RA-1419,,Aluno-1419,PEDE2024,1H,1H,2150,2024,0,0.4311111111111111,0,0
RA-704,,Aluno-704,PEDE2024,1H,1H,2151,2024,1,0.8866666666666667,1,1
RA-705,,Aluno-705,PEDE2024,1H,1H,2152,2024,1,0.8533333333333334,1,1
RA-822,,Aluno-822,PEDE2024,1H,1H,2153,2024,1,0.8488888888888889,1,1
RA-740,,Aluno-740,PEDE2024,1H,1H,2154,2024,1,0.9511111111111111,1,1
RA-741,,Aluno-741,PEDE2024,1H,1H,2155,2024,1,0.7688888888888888,1,1
RA-1420,,Aluno-1420,PEDE2024,1H,1H,2156,2024,1,0.8066666666666666,1,1
RA-709,,Aluno-709,PEDE2024,1H,1H,2157,2024,1,0.88,1,1
RA-1421,,Aluno-1421,PEDE2024,1H,1H,2158,2024,1,0.8822222222222222,1,1
RA-1422,,Aluno-1422,PEDE2024,1J,1J,2159,2024,1,0.4911111111111111,0,0
RA-1423,,Aluno-1423,PEDE2024,1J,1J,2160,2024,1,0.43777777777777777,0,0
RA-733,,Aluno-733,PEDE2024,1J,1J,2161,2024,1,0.6422222222222222,1,1
RA-836,,Aluno-836,PEDE2024,1J,1J,2162,2024,1,0.2777777777777778,0,0
RA-1424,,Aluno-1424,PEDE2024,1J,1J,2163,2024,1,0.47555555555555556,0,0
RA-1425,,Aluno-1425,PEDE2024,1J,1J,2164,2024,1,0.4688888888888889,0,0
RA-1426,,Aluno-1426,PEDE2024,1J,1J,2165,2024,1,0.49777777777777776,0,0
RA-716,,Aluno-716,PEDE2024,1J,1J,2166,2024,1,0.45555555555555555,0,0
RA-1049,,Aluno-1049,PEDE2024,1J,1J,2167,2024,1,0.2511111111111111,0,0
RA-1427,,Aluno-1427,PEDE2024,1J,1J,2168,2024,1,0.4866666666666667,0,0
RA-1052,,Aluno-1052,PEDE2024,1J,1J,2169,2024,1,0.5133333333333333,1,0
RA-719,,Aluno-719,PEDE2024,1J,1J,2170,2024,1,0.58,1,0
RA-1055,,Aluno-1055,PEDE2024,1J,1J,2171,2024,1,0.42444444444444446,0,0
RA-747,,Aluno-747,PEDE2024,1K,1K,2172,2024,1,0.8133333333333334,1,1
RA-928,,Aluno-928,PEDE2024,1K,1K,2173,2024,0,0.7511111111111111,1,1
RA-748,,Aluno-748,PEDE2024,1K,1K,2174,2024,1,0.7177777777777777,1,1
RA-769,,Aluno-769,PEDE2024,1K,1K,2175,2024,1,0.8377777777777777,1,1
RA-876,,Aluno-876,PEDE2024,1K,1K,2176,2024,0,0.6755555555555556,1,1
RA-776,,Aluno-776,PEDE2024,1K,1K,2177,2024,1,0.7555555555555555,1,1
RA-753,,Aluno-753,PEDE2024,1K,1K,2178,2024,1,0.8911111111111111,1,1
RA-601,,Aluno-601,PEDE2024,1K,1K,2179,2024,1,0.7111111111111111,1,1
RA-955,,Aluno-955,PEDE2024,1K,1K,2180,2024,1,0.66,1,1
RA-831,,Aluno-831,PEDE2024,1K,1K,2181,2024,1,0.9533333333333334,1,1
RA-1067,,Aluno-1067,PEDE2024,1K,1K,2182,2024,1,0.8155555555555556,1,1
RA-1058,,Aluno-1058,PEDE2024,1K,1K,2183,2024,1,0.9622222222222222,1,1
RA-757,,Aluno-757,PEDE2024,1K,1K,2184,2024,1,0.5933333333333334,1,0
RA-794,,Aluno-794,PEDE2024,1K,1K,2185,2024,0,0.7,1,1
RA-960,,Aluno-960,PEDE2024,1K,1K,2186,2024,1,0.6844444444444444,1,1
RA-587,,Aluno-587,PEDE2024,1L,1L,2187,2024,1,0.92,1,1
RA-826,,Aluno-826,PEDE2024,1L,1L,2188,2024,1,0.8311111111111111,1,1
RA-789,,Aluno-789,PEDE2024,1L,1L,2189,2024,0,0.7888888888888889,1,1
RA-1056,,Aluno-1056,PEDE2024,1L,1L,2190,2024,1,0.8244444444444444,1,1
RA-1428,,Aluno-1428,PEDE2024,1L,1L,2191,2024,1,0.7777777777777778,1,1
RA-830,,Aluno-830,PEDE2024,1L,1L,2192,2024,1,0.9333333333333333,1,1
RA-780,,Aluno-780,PEDE2024,1L,1L,2193,2024,1,0.8444444444444444,1,1
RA-1057,,Aluno-1057,PEDE2024,1L,1L,2194,2024,1,0.8466666666666667,1,1
RA-1062,,Aluno-1062,PEDE2024,1L,1L,2195,2024,1,0.8955555555555555,1,1
RA-1429,,Aluno-1429,PEDE2024,1L,1L,2196,2024,1,0.94,1,1
RA-1430,,Aluno-1430,PEDE2024,1L,1L,2197,2024,1,0.8888888888888888,1,1
RA-767,,Aluno-767,PEDE2024,1L,1L,2198,2024,1,0.9755555555555555,1,1
RA-943,,Aluno-943,PEDE2024,1L,1L,2199,2024,0,0.7,1,1
RA-782,,Aluno-782,PEDE2024,1L,1L,2200,2024,0,0.9844444444444445,1,1
RA-795,,Aluno-795,PEDE2024,1L,1L,2201,2024,1,0.9,1,1
RA-1431,,Aluno-1431,PEDE2024,1M,1M,2202,2024,1,0.9644444444444444,1,1
RA-1432,,Aluno-1432,PEDE2024,1M,1M,2203,2024,1,0.86,1,1
RA-1433,,Aluno-1433,PEDE2024,1M,1M,2204,2024,1,0.9555555555555556,1,1
RA-1434,,Aluno-1434,PEDE2024,1M,1M,2205,2024,1,0.8955555555555555,1,1
RA-958,,Aluno-958,PEDE2024,1M,1M,2206,2024,0,0.6,1,1
RA-961,,Aluno-961,PEDE2024,1M,1M,2207,2024,1,0.9377777777777778,1,1
RA-1435,,Aluno-1435,PEDE2024,1M,1M,2208,2024,0,0.9177777777777778,1,1
RA-755,,Aluno-755,PEDE2024,1M,1M,2209,2024,1,0.7933333333333333,1,1
RA-1436,,Aluno-1436,PEDE2024,1M,1M,2210,2024,1,0.9466666666666667,1,1
RA-1437,,Aluno-1437,PEDE2024,1M,1M,2211,2024,1,0.9711111111111111,1,1
RA-1438,,Aluno-1438,PEDE2024,1M,1M,2212,2024,1,0.7155555555555555,1,1
RA-1439,,Aluno-1439,PEDE2024,1M,1M,2213,2024,1,0.8644444444444445,1,1
RA-1440,,Aluno-1440,PEDE2024,1M,1M,2214,2024,1,0.7666666666666667,1,1
RA-1441,,Aluno-1441,PEDE2024,1M,1M,2215,2024,0,0.8733333333333333,1,1
RA-1442,,Aluno-1442,PEDE2024,1M,1M,2216,2024,1,0.8955555555555555,1,1
RA-1443,,Aluno-1443,PEDE2024,1N,1N,2217,2024,1,0.8977777777777778,1,1
RA-1444,,Aluno-1444,PEDE2024,1N,1N,2218,2024,1,0.8777777777777778,1,1
RA-956,,Aluno-956,PEDE2024,1N,1N,2219,2024,1,0.7822222222222223,1,1
RA-952,,Aluno-952,PEDE2024,1N,1N,2220,2024,0,0.8911111111111111,1,1
RA-939,,Aluno-939,PEDE2024,1N,1N,2221,2024,1,0.6822222222222222,1,1
RA-953,,Aluno-953,PEDE2024,1N,1N,2222,2024,0,0.9311111111111111,1,1
RA-954,,Aluno-954,PEDE2024,1N,1N,2223,2024,0,0.7822222222222223,1,1
RA-792,,Aluno-792,PEDE2024,1N,1N,2224,2024,1,0.7,1,1
RA-1000,,Aluno-1000,PEDE2024,1N,1N,2225,2024,0,0.9222222222222223,1,1
RA-763,,Aluno-763,PEDE2024,1N,1N,2226,2024,1,0.7022222222222222,1,1
RA-1001,,Aluno-1001,PEDE2024,1N,1N,2227,2024,1,0.8044444444444444,1,1
RA-1445,,Aluno-1445,PEDE2024,1N,1N,2228,2024,1,0.8,1,1
RA-1446,,Aluno-1446,PEDE2024,1N,1N,2229,2024,0,0.7066666666666667,1,1
RA-768,,Aluno-768,PEDE2024,1N,1N,2230,2024,1,0.6555555555555556,1,1
RA-1447,,Aluno-1447,PEDE2024,1N,1N,2231,2024,1,0.8066666666666666,1,1
RA-980,,Aluno-980,PEDE2024,1P,1P,2232,2024,0,0.38666666666666666,0,0
RA-982,,Aluno-982,PEDE2024,1P,1P,2233,2024,0,0.29777777777777775,0,0
RA-1448,,Aluno-1448,PEDE2024,1P,1P,2234,2024,1,0.3844444444444444,0,0
RA-1070,,Aluno-1070,PEDE2024,1P,1P,2235,2024,1,0.4777777777777778,0,0
RA-985,,Aluno-985,PEDE2024,1P,1P,2236,2024,0,0.3288888888888889,0,0
RA-986,,Aluno-986,PEDE2024,1P,1P,2237,2024,0,0.4444444444444444,0,0
RA-810,,Aluno-810,PEDE2024,1P,1P,2238,2024,1,0.5622222222222222,1,0
RA-987,,Aluno-987,PEDE2024,1P,1P,2239,2024,0,0.36,0,0
RA-988,,Aluno-988,PEDE2024,1P,1P,2240,2024,1,0.49333333333333335,0,0
RA-805,,Aluno-805,PEDE2024,1R,1R,2241,2024,1,0.4488888888888889,0,0
RA-806,,Aluno-806,PEDE2024,1R,1R,2242,2024,1,0.43555555555555553,0,0
RA-807,,Aluno-807,PEDE2024,1R,1R,2243,2024,0,0.28444444444444444,0,0
RA-808,,Aluno-808,PEDE2024,1R,1R,2244,2024,0,0.5733333333333334,1,0
RA-963,,Aluno-963,PEDE2024,1R,1R,2245,2024,0,0.3488888888888889,0,0
RA-989,,Aluno-989,PEDE2024,1R,1R,2246,2024,0,0.37333333333333335,0,0
RA-964,,Aluno-964,PEDE2024,1R,1R,2247,2024,1,0.6155555555555555,1,1
RA-1449,,Aluno-1449,PEDE2024,1R,1R,2248,2024,1,0.4955555555555556,0,0
RA-801,,Aluno-801,PEDE2024,1R,1R,2249,2024,1,0.5288888888888889,1,0
RA-1450,,Aluno-1450,PEDE2024,1R,1R,2250,2024,0,0.44666666666666666,0,0
RA-984,,Aluno-984,PEDE2024,1R,1R,2251,2024,0,0.23333333333333334,0,0
RA-1451,,Aluno-1451,PEDE2024,1R,1R,2252,2024,1,0.5333333333333333,1,0
RA-967,,Aluno-967,PEDE2024,1R,1R,2253,2024,1,0.4666666666666667,0,0
RA-968,,Aluno-968,PEDE2024,1R,1R,2254,2024,1,0.5333333333333333,1,0
RA-521,,Aluno-521,PEDE2024,2A,2A,2255,2024,0,0.6377777777777778,1,1
RA-821,,Aluno-821,PEDE2024,2A,2A,2256,2024,0,0.8955555555555555,1,1
RA-1075,,Aluno-1075,PEDE2024,2A,2A,2257,2024,1,0.8022222222222222,1,1
RA-1048,,Aluno-1048,PEDE2024,2A,2A,2258,2024,0,0.6288888888888889,1,1
RA-1082,,Aluno-1082,PEDE2024,2A,2A,2259,2024,1,0.86,1,1
RA-680,,Aluno-680,PEDE2024,2A,2A,2260,2024,1,0.6977777777777778,1,1
RA-698,,Aluno-698,PEDE2024,2A,2A,2261,2024,0,0.43555555555555553,0,0
RA-1452,,Aluno-1452,PEDE2024,2A,2A,2262,2024,0,0.7377777777777778,1,1
RA-1453,,Aluno-1453,PEDE2024,2A,2A,2263,2024,1,0.9444444444444444,1,1
RA-1454,,Aluno-1454,PEDE2024,2A,2A,2264,2024,0,0.7422222222222222,1,1
RA-1455,,Aluno-1455,PEDE2024,2A,2A,2265,2024,1,0.8977777777777778,1,1
RA-529,,Aluno-529,PEDE2024,2A,2A,2266,2024,1,0.7888888888888889,1,1
RA-1456,,Aluno-1456,PEDE2024,2A,2A,2267,2024,0,0.6555555555555556,1,1
RA-1015,,Aluno-1015,PEDE2024,2B,2B,2268,2024,0,0.7866666666666666,1,1
RA-483,,Aluno-483,PEDE2024,2B,2B,2269,2024,1,0.9111111111111111,1,1
RA-497,,Aluno-497,PEDE2024,2B,2B,2270,2024,1,0.8022222222222222,1,1
RA-1457,,Aluno-1457,PEDE2024,2B,2B,2271,2024,1,0.8133333333333334,1,1
RA-688,,Aluno-688,PEDE2024,2B,2B,2272,2024,0,0.6488888888888888,1,1
RA-696,,Aluno-696,PEDE2024,2B,2B,2273,2024,0,0.5533333333333333,1,0
RA-1458,,Aluno-1458,PEDE2024,2B,2B,2274,2024,1,0.9066666666666666,1,1
RA-1034,,Aluno-1034,PEDE2024,2B,2B,2275,2024,0,0.8088888888888889,1,1
RA-491,,Aluno-491,PEDE2024,2B,2B,2276,2024,1,0.6488888888888888,1,1
RA-1027,,Aluno-1027,PEDE2024,2B,2B,2277,2024,0,0.6066666666666667,1,1
RA-1023,,Aluno-1023,PEDE2024,2B,2B,2278,2024,0,0.5266666666666666,1,0
RA-686,,Aluno-686,PEDE2024,2C,2C,2279,2024,0,0.5622222222222222,1,0
RA-480,,Aluno-480,PEDE2024,2C,2C,2280,2024,0,0.43555555555555553,0,0
RA-1459,,Aluno-1459,PEDE2024,2C,2C,2281,2024,1,0.8888888888888888,1,1
RA-1460,,Aluno-1460,PEDE2024,2C,2C,2282,2024,0,0.9244444444444444,1,1
RA-1017,,Aluno-1017,PEDE2024,2C,2C,2283,2024,0,0.8577777777777778,1,1
RA-499,,Aluno-499,PEDE2024,2C,2C,2284,2024,0,0.36666666666666664,0,0
RA-514,,Aluno-514,PEDE2024,2C,2C,2285,2024,0,0.8155555555555556,1,1
RA-1461,,Aluno-1461,PEDE2024,2C,2C,2286,2024,1,0.9466666666666667,1,1
RA-1462,,Aluno-1462,PEDE2024,2D,2D,2287,2024,1,0.9311111111111111,1,1
RA-1463,,Aluno-1463,PEDE2024,2D,2D,2288,2024,0,0.7088888888888889,1,1
RA-1464,,Aluno-1464,PEDE2024,2D,2D,2289,2024,1,0.8977777777777778,1,1
RA-687,,Aluno-687,PEDE2024,2D,2D,2290,2024,0,0.68,1,1
RA-1030,,Aluno-1030,PEDE2024,2D,2D,2291,2024,0,0.7422222222222222,1,1
RA-1465,,Aluno-1465,PEDE2024,2D,2D,2292,2024,1,0.8466666666666667,1,1
RA-522,,Aluno-522,PEDE2024,2D,2D,2293,2024,0,0.8377777777777777,1,1
RA-501,,Aluno-501,PEDE2024,2D,2D,2294,2024,0,0.8533333333333334,1,1
RA-1466,,Aluno-1466,PEDE2024,2D,2D,2295,2024,0,0.8555555555555555,1,1
RA-502,,Aluno-502,PEDE2024,2D,2D,2296,2024,0,0.30666666666666664,0,0
RA-1467,,Aluno-1467,PEDE2024,2D,2D,2297,2024,0,0.86,1,1
RA-1468,,Aluno-1468,PEDE2024,2D,2D,2298,2024,0,0.8355555555555556,1,1
RA-527,,Aluno-527,PEDE2024,2D,2D,2299,2024,0,0.47333333333333333,0,0
RA-1469,,Aluno-1469,PEDE2024,2D,2D,2300,2024,1,0.68,1,1
RA-1470,,Aluno-1470,PEDE2024,2G,2G,2301,2024,1,0.31555555555555553,0,0
RA-1471,,Aluno-1471,PEDE2024,2G,2G,2302,2024,1,0.5111111111111111,1,0
RA-710,,Aluno-710,PEDE2024,2G,2G,2303,2024,1,0.5155555555555555,1,0
RA-1472,,Aluno-1472,PEDE2024,2G,2G,2304,2024,0,0.7733333333333333,1,1
RA-837,,Aluno-837,PEDE2024,2G,2G,2305,2024,0,0.28444444444444444,0,0
RA-549,,Aluno-549,PEDE2024,2G,2G,2306,2024,1,0.5466666666666666,1,0
RA-571,,Aluno-571,PEDE2024,2G,2G,2307,2024,1,0.40444444444444444,0,0
RA-731,,Aluno-731,PEDE2024,2G,2G,2308,2024,1,0.4622222222222222,0,0
RA-706,,Aluno-706,PEDE2024,2G,2G,2309,2024,0,0.3,0,0
RA-707,,Aluno-707,PEDE2024,2G,2G,2310,2024,1,0.41555555555555557,0,0
RA-1044,,Aluno-1044,PEDE2024,2G,2G,2311,2024,0,0.47555555555555556,0,0
RA-1054,,Aluno-1054,PEDE2024,2G,2G,2312,2024,1,0.48444444444444446,0,0
RA-721,,Aluno-721,PEDE2024,2G,2G,2313,2024,0,0.5866666666666667,1,0
RA-1473,,Aluno-1473,PEDE2024,2G,2G,2314,2024,1,0.3111111111111111,0,0
RA-735,,Aluno-735,PEDE2024,2H,2H,2315,2024,1,0.5866666666666667,1,0
RA-712,,Aluno-712,PEDE2024,2H,2H,2316,2024,1,0.6,1,1
RA-1103,,Aluno-1103,PEDE2024,2H,2H,2317,2024,0,0.4888888888888889,0,0
RA-570,,Aluno-570,PEDE2024,2H,2H,2318,2024,1,0.5244444444444445,1,0
RA-713,,Aluno-713,PEDE2024,2H,2H,2319,2024,0,0.4911111111111111,0,0
RA-714,,Aluno-714,PEDE2024,2H,2H,2320,2024,1,0.36666666666666664,0,0
RA-737,,Aluno-737,PEDE2024,2H,2H,2321,2024,0,0.66,1,1
RA-1474,,Aluno-1474,PEDE2024,2H,2H,2322,2024,0,0.47555555555555556,0,0
RA-1036,,Aluno-1036,PEDE2024,2H,2H,2323,2024,0,0.4666666666666667,0,0
RA-576,,Aluno-576,PEDE2024,2H,2H,2324,2024,0,0.7377777777777778,1,1
RA-577,,Aluno-577,PEDE2024,2H,2H,2325,2024,1,0.49333333333333335,0,0
RA-580,,Aluno-580,PEDE2024,2H,2H,2326,2024,1,0.6866666666666666,1,1
RA-581,,Aluno-581,PEDE2024,2H,2H,2327,2024,1,0.4711111111111111,0,0
RA-841,,Aluno-841,PEDE2024,2H,2H,2328,2024,1,0.27111111111111114,0,0
RA-730,,Aluno-730,PEDE2024,2I,2I,2329,2024,0,0.8066666666666666,1,1
RA-855,,Aluno-855,PEDE2024,2I,2I,2330,2024,0,0.6977777777777778,1,1
RA-820,,Aluno-820,PEDE2024,2I,2I,2331,2024,0,0.8,1,1
RA-715,,Aluno-715,PEDE2024,2I,2I,2332,2024,0,0.8555555555555555,1,1
RA-1038,,Aluno-1038,PEDE2024,2I,2I,2333,2024,0,0.8777777777777778,1,1
RA-1475,,Aluno-1475,PEDE2024,2I,2I,2334,2024,0,0.5488888888888889,1,0
RA-1039,,Aluno-1039,PEDE2024,2I,2I,2335,2024,1,0.7,1,1
RA-745,,Aluno-745,PEDE2024,2I,2I,2336,2024,0,0.9,1,1
RA-718,,Aluno-718,PEDE2024,2I,2I,2337,2024,0,0.7422222222222222,1,1
RA-1040,,Aluno-1040,PEDE2024,2I,2I,2338,2024,1,0.8555555555555555,1,1
RA-746,,Aluno-746,PEDE2024,2I,2I,2339,2024,0,0.8644444444444445,1,1
RA-1069,,Aluno-1069,PEDE2024,2K,2K,2340,2024,0,0.5088888888888888,1,0
RA-1476,,Aluno-1476,PEDE2024,2K,2K,2341,2024,0,0.5955555555555555,1,0
RA-827,,Aluno-827,PEDE2024,2K,2K,2342,2024,0,0.5333333333333333,1,0
RA-1477,,Aluno-1477,PEDE2024,2K,2K,2343,2024,0,0.3088888888888889,0,0
RA-762,,Aluno-762,PEDE2024,2K,2K,2344,2024,1,0.5577777777777778,1,0
RA-778,,Aluno-778,PEDE2024,2K,2K,2345,2024,0,0.5822222222222222,1,0
RA-591,,Aluno-591,PEDE2024,2K,2K,2346,2024,1,0.4288888888888889,0,0
RA-1478,,Aluno-1478,PEDE2024,2K,2K,2347,2024,0,0.38666666666666666,0,0
RA-829,,Aluno-829,PEDE2024,2K,2K,2348,2024,0,0.4088888888888889,0,0
RA-1479,,Aluno-1479,PEDE2024,2K,2K,2349,2024,0,0.4111111111111111,0,0
RA-1480,,Aluno-1480,PEDE2024,2K,2K,2350,2024,1,0.38,0,0
RA-438,,Aluno-438,PEDE2024,2K,2K,2351,2024,1,0.6333333333333333,1,1
RA-607,,Aluno-607,PEDE2024,2K,2K,2352,2024,0,0.5244444444444445,1,0
RA-1481,,Aluno-1481,PEDE2024,2K,2K,2353,2024,1,0.3488888888888889,0,0
RA-1482,,Aluno-1482,PEDE2024,2K,2K,2354,2024,1,0.5422222222222223,1,0
RA-1483,,Aluno-1483,PEDE2024,2K,2K,2355,2024,0,0.5377777777777778,1,0
RA-1484,,Aluno-1484,PEDE2024,2L,2L,2356,2024,1,0.8444444444444444,1,1
RA-1485,,Aluno-1485,PEDE2024,2L,2L,2357,2024,1,0.6,1,1
RA-1486,,Aluno-1486,PEDE2024,2L,2L,2358,2024,0,0.6822222222222222,1,1
RA-597,,Aluno-597,PEDE2024,2L,2L,2359,2024,0,0.35777777777777775,0,0
RA-624,,Aluno-624,PEDE2024,2L,2L,2360,2024,0,0.49777777777777776,0,0
RA-1487,,Aluno-1487,PEDE2024,2L,2L,2361,2024,1,0.7155555555555555,1,1
RA-1488,,Aluno-1488,PEDE2024,2L,2L,2362,2024,0,0.6644444444444444,1,1
RA-1489,,Aluno-1489,PEDE2024,2L,2L,2363,2024,1,0.7466666666666667,1,1
RA-600,,Aluno-600,PEDE2024,2L,2L,2364,2024,0,0.9044444444444445,1,1
RA-663,,Aluno-663,PEDE2024,2L,2L,2365,2024,1,0.9355555555555556,1,1
RA-1490,,Aluno-1490,PEDE2024,2L,2L,2366,2024,1,0.8511111111111112,1,1
RA-1491,,Aluno-1491,PEDE2024,2L,2L,2367,2024,0,0.9111111111111111,1,1
RA-1066,,Aluno-1066,PEDE2024,2L,2L,2368,2024,0,0.8533333333333334,1,1
RA-630,,Aluno-630,PEDE2024,2L,2L,2369,2024,0,0.3244444444444444,0,0
RA-1492,,Aluno-1492,PEDE2024,2L,2L,2370,2024,0,0.42,0,0
RA-834,,Aluno-834,PEDE2024,2L,2L,2371,2024,0,0.6066666666666667,1,1
RA-784,,Aluno-784,PEDE2024,2M,2M,2372,2024,0,0.7066666666666667,1,1
RA-1059,,Aluno-1059,PEDE2024,2M,2M,2373,2024,0,0.6288888888888889,1,1
RA-612,,Aluno-612,PEDE2024,2M,2M,2374,2024,0,0.86,1,1
RA-1060,,Aluno-1060,PEDE2024,2M,2M,2375,2024,0,0.8644444444444445,1,1
RA-761,,Aluno-761,PEDE2024,2M,2M,2376,2024,0,0.5377777777777778,1,0
RA-1493,,Aluno-1493,PEDE2024,2M,2M,2377,2024,1,0.7911111111111111,1,1
RA-665,,Aluno-665,PEDE2024,2M,2M,2378,2024,1,0.7288888888888889,1,1
RA-1115,,Aluno-1115,PEDE2024,2M,2M,2379,2024,0,0.8288888888888889,1,1
RA-1061,,Aluno-1061,PEDE2024,2M,2M,2380,2024,0,0.7044444444444444,1,1
RA-1494,,Aluno-1494,PEDE2024,2M,2M,2381,2024,0,0.4911111111111111,0,0
RA-1495,,Aluno-1495,PEDE2024,2M,2M,2382,2024,0,0.9577777777777777,1,1
RA-606,,Aluno-606,PEDE2024,2M,2M,2383,2024,0,0.7533333333333333,1,1
RA-594,,Aluno-594,PEDE2024,2M,2M,2384,2024,0,0.6377777777777778,1,1
RA-1496,,Aluno-1496,PEDE2024,2M,2M,2385,2024,0,0.9,1,1
RA-1497,,Aluno-1497,PEDE2024,2M,2M,2386,2024,0,0.8,1,1
RA-1498,,Aluno-1498,PEDE2024,2M,2M,2387,2024,1,0.8288888888888889,1,1
RA-1499,,Aluno-1499,PEDE2024,2N,2N,2388,2024,0,0.82,1,1
RA-788,,Aluno-788,PEDE2024,2N,2N,2389,2024,0,0.3888888888888889,0,0
RA-1500,,Aluno-1500,PEDE2024,2N,2N,2390,2024,0,0.7955555555555556,1,1
RA-777,,Aluno-777,PEDE2024,2N,2N,2391,2024,0,0.6022222222222222,1,1
RA-1063,,Aluno-1063,PEDE2024,2N,2N,2392,2024,1,0.6666666666666666,1,1
RA-664,,Aluno-664,PEDE2024,2N,2N,2393,2024,0,0.6777777777777778,1,1
RA-1501,,Aluno-1501,PEDE2024,2N,2N,2394,2024,0,0.6555555555555556,1,1
RA-764,,Aluno-764,PEDE2024,2N,2N,2395,2024,0,0.52,1,0
RA-1064,,Aluno-1064,PEDE2024,2N,2N,2396,2024,0,0.7977777777777778,1,1
RA-1065,,Aluno-1065,PEDE2024,2N,2N,2397,2024,0,0.8933333333333333,1,1
RA-1502,,Aluno-1502,PEDE2024,2N,2N,2398,2024,1,0.8244444444444444,1,1
RA-781,,Aluno-781,PEDE2024,2N,2N,2399,2024,0,0.5311111111111111,1,0
RA-608,,Aluno-608,PEDE2024,2N,2N,2400,2024,0,0.5355555555555556,1,0
RA-796,,Aluno-796,PEDE2024,2P,2P,2401,2024,1,0.7822222222222223,1,1
RA-797,,Aluno-797,PEDE2024,2P,2P,2402,2024,1,0.8155555555555556,1,1
RA-636,,Aluno-636,PEDE2024,2P,2P,2403,2024,0,0.6066666666666667,1,1
RA-1140,,Aluno-1140,PEDE2024,2P,2P,2404,2024,0,0.6622222222222223,1,1
RA-1503,,Aluno-1503,PEDE2024,2P,2P,2405,2024,1,0.9155555555555556,1,1
RA-814,,Aluno-814,PEDE2024,2P,2P,2406,2024,0,0.7488888888888889,1,1
RA-637,,Aluno-637,PEDE2024,2P,2P,2407,2024,0,0.6555555555555556,1,1
RA-652,,Aluno-652,PEDE2024,2P,2P,2408,2024,0,0.24444444444444444,0,0
RA-816,,Aluno-816,PEDE2024,2P,2P,2409,2024,0,0.7288888888888889,1,1
RA-1504,,Aluno-1504,PEDE2024,2P,2P,2410,2024,1,0.7733333333333333,1,1
RA-638,,Aluno-638,PEDE2024,2P,2P,2411,2024,0,0.5066666666666667,1,0
RA-1505,,Aluno-1505,PEDE2024,2P,2P,2412,2024,1,0.8644444444444445,1,1
RA-643,,Aluno-643,PEDE2024,2P,2P,2413,2024,1,0.7377777777777778,1,1
RA-645,,Aluno-645,PEDE2024,2P,2P,2414,2024,0,0.7577777777777778,1,1
RA-1068,,Aluno-1068,PEDE2024,2R,2R,2415,2024,0,0.8244444444444444,1,1
RA-798,,Aluno-798,PEDE2024,2R,2R,2416,2024,1,0.6177777777777778,1,1
RA-799,,Aluno-799,PEDE2024,2R,2R,2417,2024,0,0.3688888888888889,0,0
RA-1506,,Aluno-1506,PEDE2024,2R,2R,2418,2024,0,0.8444444444444444,1,1
RA-802,,Aluno-802,PEDE2024,2R,2R,2419,2024,0,0.8155555555555556,1,1
RA-1507,,Aluno-1507,PEDE2024,2R,2R,2420,2024,1,0.8111111111111111,1,1
RA-1071,,Aluno-1071,PEDE2024,2R,2R,2421,2024,1,0.8533333333333334,1,1
RA-1508,,Aluno-1508,PEDE2024,2R,2R,2422,2024,0,0.8466666666666667,1,1
RA-1509,,Aluno-1509,PEDE2024,2R,2R,2423,2024,0,0.8666666666666667,1,1
RA-1510,,Aluno-1510,PEDE2024,2R,2R,2424,2024,0,0.5622222222222222,1,0
RA-785,,Aluno-785,PEDE2024,2U,2U,2425,2024,0,0.9066666666666666,1,1
RA-1511,,Aluno-1511,PEDE2024,2U,2U,2426,2024,0,0.8511111111111112,1,1
RA-752,,Aluno-752,PEDE2024,2U,2U,2427,2024,1,0.3622222222222222,0,0
RA-790,,Aluno-790,PEDE2024,2U,2U,2428,2024,1,0.7711111111111111,1,1
RA-590,,Aluno-590,PEDE2024,2U,2U,2429,2024,1,0.5288888888888889,1,0
RA-1512,,Aluno-1512,PEDE2024,2U,2U,2430,2024,0,0.7577777777777778,1,1
RA-472,,Aluno-472,PEDE2024,2U,2U,2431,2024,1,0.8711111111111111,1,1
RA-628,,Aluno-628,PEDE2024,2U,2U,2432,2024,1,0.8622222222222222,1,1
RA-1513,,Aluno-1513,PEDE2024,2U,2U,2433,2024,1,0.8622222222222222,1,1
RA-1514,,Aluno-1514,PEDE2024,2U,2U,2434,2024,0,0.84,1,1
RA-629,,Aluno-629,PEDE2024,2U,2U,2435,2024,0,0.4777777777777778,0,0
RA-832,,Aluno-832,PEDE2024,2U,2U,2436,2024,0,0.4177777777777778,0,0
RA-1515,,Aluno-1515,PEDE2024,2U,2U,2437,2024,1,0.7133333333333334,1,1
RA-833,,Aluno-833,PEDE2024,2U,2U,2438,2024,0,0.92,1,1
RA-819,,Aluno-819,PEDE2024,2U,2U,2439,2024,0,0.8133333333333334,1,1
RA-1073,,Aluno-1073,PEDE2024,3A,3A,2440,2024,0,0.52,1,0
RA-494,,Aluno-494,PEDE2024,3A,3A,2441,2024,0,0.43333333333333335,0,0
RA-484,,Aluno-484,PEDE2024,3A,3A,2442,2024,0,0.5755555555555556,1,0
RA-496,,Aluno-496,PEDE2024,3A,3A,2443,2024,0,0.4711111111111111,0,0
RA-1516,,Aluno-1516,PEDE2024,3A,3A,2444,2024,0,0.5466666666666666,1,0
RA-1143,,Aluno-1143,PEDE2024,3A,3A,2445,2024,1,0.8644444444444445,1,1
RA-1517,,Aluno-1517,PEDE2024,3A,3A,2446,2024,1,0.8311111111111111,1,1
RA-1518,,Aluno-1518,PEDE2024,3A,3A,2447,2024,1,0.8822222222222222,1,1
RA-227,,Aluno-227,PEDE2024,3A,3A,2448,2024,0,0.36444444444444446,0,0
RA-487,,Aluno-487,PEDE2024,3A,3A,2449,2024,0,0.49333333333333335,0,0
RA-1076,,Aluno-1076,PEDE2024,3A,3A,2450,2024,0,0.44666666666666666,0,0
RA-1084,,Aluno-1084,PEDE2024,3A,3A,2451,2024,0,0.4266666666666667,0,0
RA-1519,,Aluno-1519,PEDE2024,3A,3A,2452,2024,0,0.7444444444444445,1,1
RA-490,,Aluno-490,PEDE2024,3A,3A,2453,2024,0,0.35555555555555557,0,0
RA-346,,Aluno-346,PEDE2024,3A,3A,2454,2024,0,0.29555555555555557,0,0
RA-546,,Aluno-546,PEDE2024,3B,3B,2455,2024,0,0.4488888888888889,0,0
RA-1087,,Aluno-1087,PEDE2024,3B,3B,2456,2024,0,0.4066666666666667,0,0
RA-493,,Aluno-493,PEDE2024,3B,3B,2457,2024,0,0.4,0,0
RA-1520,,Aluno-1520,PEDE2024,3B,3B,2458,2024,1,0.8155555555555556,1,1
RA-1072,,Aluno-1072,PEDE2024,3B,3B,2459,2024,0,0.47555555555555556,0,0
RA-1521,,Aluno-1521,PEDE2024,3B,3B,2460,2024,1,0.6977777777777778,1,1
RA-536,,Aluno-536,PEDE2024,3B,3B,2461,2024,0,0.33111111111111113,0,0
RA-1079,,Aluno-1079,PEDE2024,3B,3B,2462,2024,0,0.4088888888888889,0,0
RA-331,,Aluno-331,PEDE2024,3B,3B,2463,2024,1,0.7666666666666667,1,1
RA-1522,,Aluno-1522,PEDE2024,3B,3B,2464,2024,0,0.5688888888888889,1,0
RA-1096,,Aluno-1096,PEDE2024,3B,3B,2465,2024,0,0.52,1,0
RA-513,,Aluno-513,PEDE2024,3B,3B,2466,2024,0,0.4444444444444444,0,0
RA-531,,Aluno-531,PEDE2024,3B,3B,2467,2024,0,0.20444444444444446,0,0
RA-1523,,Aluno-1523,PEDE2024,3B,3B,2468,2024,0,0.5711111111111111,1,0
RA-1524,,Aluno-1524,PEDE2024,3B,3B,2469,2024,1,0.7222222222222222,1,1
RA-1147,,Aluno-1147,PEDE2024,3B,3B,2470,2024,1,0.8355555555555556,1,1
RA-479,,Aluno-479,PEDE2024,3C,3C,2471,2024,0,0.28,0,0
RA-517,,Aluno-517,PEDE2024,3C,3C,2472,2024,0,0.58,1,0
RA-325,,Aluno-325,PEDE2024,3C,3C,2473,2024,0,0.8222222222222222,1,1
RA-1525,,Aluno-1525,PEDE2024,3C,3C,2474,2024,0,0.6622222222222223,1,1
RA-518,,Aluno-518,PEDE2024,3C,3C,2475,2024,0,0.48,0,0
RA-1146,,Aluno-1146,PEDE2024,3C,3C,2476,2024,1,0.82,1,1
RA-530,,Aluno-530,PEDE2024,3C,3C,2477,2024,0,0.4488888888888889,0,0
RA-524,,Aluno-524,PEDE2024,3C,3C,2478,2024,0,0.7488888888888889,1,1
RA-578,,Aluno-578,PEDE2024,3C,3C,2479,2024,0,0.22444444444444445,0,0
RA-526,,Aluno-526,PEDE2024,3C,3C,2480,2024,1,0.6533333333333333,1,1
RA-528,,Aluno-528,PEDE2024,3C,3C,2481,2024,0,0.8044444444444444,1,1
RA-516,,Aluno-516,PEDE2024,3C,3C,2482,2024,0,0.24888888888888888,0,0
RA-534,,Aluno-534,PEDE2024,3C,3C,2483,2024,0,0.72,1,1
RA-1097,,Aluno-1097,PEDE2024,3C,3C,2484,2024,1,0.7355555555555555,1,1
RA-360,,Aluno-360,PEDE2024,3C,3C,2485,2024,1,0.8133333333333334,1,1
RA-1526,,Aluno-1526,PEDE2024,3D,3D,2486,2024,0,0.5311111111111111,1,0
RA-1077,,Aluno-1077,PEDE2024,3D,3D,2487,2024,0,0.5177777777777778,1,0
RA-508,,Aluno-508,PEDE2024,3D,3D,2488,2024,0,0.4022222222222222,0,0
RA-363,,Aluno-363,PEDE2024,3D,3D,2489,2024,0,0.6777777777777778,1,1
RA-340,,Aluno-340,PEDE2024,3D,3D,2490,2024,0,0.3466666666666667,0,0
RA-1527,,Aluno-1527,PEDE2024,3D,3D,2491,2024,0,0.6577777777777778,1,1
RA-509,,Aluno-509,PEDE2024,3D,3D,2492,2024,0,0.17555555555555555,0,0
RA-500,,Aluno-500,PEDE2024,3D,3D,2493,2024,0,0.10444444444444445,0,0
RA-1528,,Aluno-1528,PEDE2024,3D,3D,2494,2024,0,0.4777777777777778,0,0
RA-1089,,Aluno-1089,PEDE2024,3D,3D,2495,2024,0,0.43777777777777777,0,0
RA-1090,,Aluno-1090,PEDE2024,3D,3D,2496,2024,0,0.6244444444444445,1,1
RA-503,,Aluno-503,PEDE2024,3D,3D,2497,2024,0,0.27555555555555555,0,0
RA-1093,,Aluno-1093,PEDE2024,3D,3D,2498,2024,0,0.6777777777777778,1,1
RA-1094,,Aluno-1094,PEDE2024,3D,3D,2499,2024,0,0.19111111111111112,0,0
RA-1095,,Aluno-1095,PEDE2024,3D,3D,2500,2024,0,0.6244444444444445,1,1
RA-1098,,Aluno-1098,PEDE2024,3D,3D,2501,2024,0,0.6155555555555555,1,1
RA-1106,,Aluno-1106,PEDE2024,3F,3F,2502,2024,0,0.4266666666666667,0,0
RA-568,,Aluno-568,PEDE2024,3F,3F,2503,2024,1,0.6044444444444445,1,1
RA-558,,Aluno-558,PEDE2024,3F,3F,2504,2024,1,0.8977777777777778,1,1
RA-559,,Aluno-559,PEDE2024,3F,3F,2505,2024,0,0.4066666666666667,0,0
RA-1529,,Aluno-1529,PEDE2024,3F,3F,2506,2024,1,0.68,1,1
RA-1111,,Aluno-1111,PEDE2024,3F,3F,2507,2024,0,0.39555555555555555,0,0
RA-1108,,Aluno-1108,PEDE2024,3F,3F,2508,2024,0,0.4822222222222222,0,0
RA-542,,Aluno-542,PEDE2024,3F,3F,2509,2024,0,0.45555555555555555,0,0
RA-543,,Aluno-543,PEDE2024,3F,3F,2510,2024,0,0.2866666666666667,0,0
RA-1530,,Aluno-1530,PEDE2024,3F,3F,2511,2024,0,0.5844444444444444,1,0
RA-555,,Aluno-555,PEDE2024,3F,3F,2512,2024,1,0.7622222222222222,1,1
RA-1531,,Aluno-1531,PEDE2024,3F,3F,2513,2024,1,0.6422222222222222,1,1
RA-1099,,Aluno-1099,PEDE2024,3G,3G,2514,2024,0,0.6666666666666666,1,1
RA-1154,,Aluno-1154,PEDE2024,3G,3G,2515,2024,1,0.6666666666666666,1,1
RA-1100,,Aluno-1100,PEDE2024,3G,3G,2516,2024,0,0.29333333333333333,0,0
RA-381,,Aluno-381,PEDE2024,3G,3G,2517,2024,1,0.9155555555555556,1,1
RA-364,,Aluno-364,PEDE2024,3G,3G,2518,2024,0,0.15555555555555556,0,0
RA-539,,Aluno-539,PEDE2024,3G,3G,2519,2024,0,0.4088888888888889,0,0
RA-573,,Aluno-573,PEDE2024,3G,3G,2520,2024,0,0.2777777777777778,0,0
RA-1107,,Aluno-1107,PEDE2024,3G,3G,2521,2024,0,0.4,0,0
RA-368,,Aluno-368,PEDE2024,3G,3G,2522,2024,1,0.7244444444444444,1,1
RA-387,,Aluno-387,PEDE2024,3G,3G,2523,2024,1,0.8666666666666667,1,1
RA-556,,Aluno-556,PEDE2024,3G,3G,2524,2024,0,0.34444444444444444,0,0
RA-389,,Aluno-389,PEDE2024,3G,3G,2525,2024,0,0.3,0,0
RA-390,,Aluno-390,PEDE2024,3G,3G,2526,2024,0,0.4888888888888889,0,0
RA-376,,Aluno-376,PEDE2024,3G,3G,2527,2024,1,0.5422222222222223,1,0
RA-584,,Aluno-584,PEDE2024,3G,3G,2528,2024,0,0.40444444444444444,0,0
RA-535,,Aluno-535,PEDE2024,3H,3H,2529,2024,0,0.3288888888888889,0,0
RA-547,,Aluno-547,PEDE2024,3H,3H,2530,2024,0,0.45111111111111113,0,0
RA-557,,Aluno-557,PEDE2024,3H,3H,2531,2024,0,0.6333333333333333,1,1
RA-548,,Aluno-548,PEDE2024,3H,3H,2532,2024,0,0.47555555555555556,0,0
RA-1102,,Aluno-1102,PEDE2024,3H,3H,2533,2024,0,0.6355555555555555,1,1
RA-1532,,Aluno-1532,PEDE2024,3H,3H,2534,2024,1,0.7355555555555555,1,1
RA-538,,Aluno-538,PEDE2024,3H,3H,2535,2024,1,0.86,1,1
RA-365,,Aluno-365,PEDE2024,3H,3H,2536,2024,0,0.28,0,0
RA-563,,Aluno-563,PEDE2024,3H,3H,2537,2024,0,0.6622222222222223,1,1
RA-1157,,Aluno-1157,PEDE2024,3H,3H,2538,2024,1,0.4311111111111111,0,0
RA-258,,Aluno-258,PEDE2024,3H,3H,2539,2024,0,0.35555555555555557,0,0
RA-369,,Aluno-369,PEDE2024,3H,3H,2540,2024,0,0.5266666666666666,1,0
RA-375,,Aluno-375,PEDE2024,3H,3H,2541,2024,0,0.4266666666666667,0,0
RA-1533,,Aluno-1533,PEDE2024,3I,3I,2542,2024,0,0.6844444444444444,1,1
RA-1534,,Aluno-1534,PEDE2024,3I,3I,2543,2024,0,0.5155555555555555,1,0
RA-1160,,Aluno-1160,PEDE2024,3I,3I,2544,2024,1,0.6511111111111111,1,1
RA-562,,Aluno-562,PEDE2024,3I,3I,2545,2024,0,0.5266666666666666,1,0
RA-1112,,Aluno-1112,PEDE2024,3I,3I,2546,2024,0,0.41333333333333333,0,0
RA-1535,,Aluno-1535,PEDE2024,3I,3I,2547,2024,0,0.5044444444444445,1,0
RA-1536,,Aluno-1536,PEDE2024,3I,3I,2548,2024,1,0.7066666666666667,1,1
RA-357,,Aluno-357,PEDE2024,3I,3I,2549,2024,1,0.66,1,1
RA-583,,Aluno-583,PEDE2024,3I,3I,2550,2024,0,0.3488888888888889,0,0
RA-1537,,Aluno-1537,PEDE2024,3I,3I,2551,2024,1,0.7577777777777778,1,1
RA-599,,Aluno-599,PEDE2024,3K,3K,2552,2024,0,0.54,1,0
RA-651,,Aluno-651,PEDE2024,3K,3K,2553,2024,0,0.7777777777777778,1,1
RA-1131,,Aluno-1131,PEDE2024,3K,3K,2554,2024,0,0.7533333333333333,1,1
RA-403,,Aluno-403,PEDE2024,3K,3K,2555,2024,0,0.8355555555555556,1,1
RA-1538,,Aluno-1538,PEDE2024,3K,3K,2556,2024,0,0.8933333333333333,1,1
RA-469,,Aluno-469,PEDE2024,3K,3K,2557,2024,0,0.41333333333333333,0,0
RA-1121,,Aluno-1121,PEDE2024,3K,3K,2558,2024,0,0.72,1,1
RA-1122,,Aluno-1122,PEDE2024,3K,3K,2559,2024,0,0.7466666666666667,1,1
RA-422,,Aluno-422,PEDE2024,3K,3K,2560,2024,1,0.7688888888888888,1,1
RA-1117,,Aluno-1117,PEDE2024,3K,3K,2561,2024,0,0.5533333333333333,1,0
RA-1539,,Aluno-1539,PEDE2024,3K,3K,2562,2024,0,0.7822222222222223,1,1
RA-618,,Aluno-618,PEDE2024,3K,3K,2563,2024,1,0.82,1,1
RA-669,,Aluno-669,PEDE2024,3K,3K,2564,2024,0,0.5022222222222222,1,0
RA-408,,Aluno-408,PEDE2024,3K,3K,2565,2024,0,0.7377777777777778,1,1
RA-610,,Aluno-610,PEDE2024,3K,3K,2566,2024,0,0.4444444444444444,0,0
RA-409,,Aluno-409,PEDE2024,3K,3K,2567,2024,0,0.5777777777777777,1,0
RA-464,,Aluno-464,PEDE2024,3L,3L,2568,2024,1,0.7955555555555556,1,1
RA-1165,,Aluno-1165,PEDE2024,3L,3L,2569,2024,0,0.5311111111111111,1,0
RA-466,,Aluno-466,PEDE2024,3L,3L,2570,2024,1,0.8622222222222222,1,1
RA-414,,Aluno-414,PEDE2024,3L,3L,2571,2024,0,0.4577777777777778,0,0
RA-401,,Aluno-401,PEDE2024,3L,3L,2572,2024,0,0.5222222222222223,1,0
RA-1141,,Aluno-1141,PEDE2024,3L,3L,2573,2024,0,0.44666666666666666,0,0
RA-592,,Aluno-592,PEDE2024,3L,3L,2574,2024,0,0.30666666666666664,0,0
RA-474,,Aluno-474,PEDE2024,3L,3L,2575,2024,1,0.9111111111111111,1,1
RA-602,,Aluno-602,PEDE2024,3L,3L,2576,2024,0,0.45111111111111113,0,0
RA-666,,Aluno-666,PEDE2024,3L,3L,2577,2024,0,0.38666666666666666,0,0
RA-604,,Aluno-604,PEDE2024,3L,3L,2578,2024,0,0.32666666666666666,0,0
RA-476,,Aluno-476,PEDE2024,3L,3L,2579,2024,0,0.38666666666666666,0,0
RA-423,,Aluno-423,PEDE2024,3L,3L,2580,2024,0,0.5377777777777778,1,0
RA-631,,Aluno-631,PEDE2024,3L,3L,2581,2024,0,0.49777777777777776,0,0
RA-658,,Aluno-658,PEDE2024,3M,3M,2582,2024,0,0.2866666666666667,0,0
RA-1540,,Aluno-1540,PEDE2024,3M,3M,2583,2024,1,0.72,1,1
RA-1541,,Aluno-1541,PEDE2024,3M,3M,2584,2024,0,0.5777777777777777,1,0
RA-1114,,Aluno-1114,PEDE2024,3M,3M,2585,2024,0,0.33111111111111113,0,0
RA-662,,Aluno-662,PEDE2024,3M,3M,2586,2024,0,0.2644444444444444,0,0
RA-760,,Aluno-760,PEDE2024,3M,3M,2587,2024,0,0.3933333333333333,0,0
RA-1542,,Aluno-1542,PEDE2024,3M,3M,2588,2024,1,0.8422222222222222,1,1
RA-404,,Aluno-404,PEDE2024,3M,3M,2589,2024,0,0.5133333333333333,1,0
RA-1119,,Aluno-1119,PEDE2024,3M,3M,2590,2024,1,0.7311111111111112,1,1
RA-1116,,Aluno-1116,PEDE2024,3M,3M,2591,2024,1,0.6822222222222222,1,1
RA-667,,Aluno-667,PEDE2024,3M,3M,2592,2024,0,0.54,1,0
RA-605,,Aluno-605,PEDE2024,3M,3M,2593,2024,0,0.3422222222222222,0,0
RA-1543,,Aluno-1543,PEDE2024,3M,3M,2594,2024,1,0.6088888888888889,1,1
RA-1118,,Aluno-1118,PEDE2024,3M,3M,2595,2024,0,0.6822222222222222,1,1
RA-1544,,Aluno-1544,PEDE2024,3M,3M,2596,2024,1,0.6488888888888888,1,1
RA-1545,,Aluno-1545,PEDE2024,3N,3N,2597,2024,0,0.8133333333333334,1,1
RA-1127,,Aluno-1127,PEDE2024,3N,3N,2598,2024,0,0.7866666666666666,1,1
RA-1129,,Aluno-1129,PEDE2024,3N,3N,2599,2024,0,0.9155555555555556,1,1
RA-1546,,Aluno-1546,PEDE2024,3N,3N,2600,2024,0,0.8511111111111112,1,1
RA-1130,,Aluno-1130,PEDE2024,3N,3N,2601,2024,0,0.7977777777777778,1,1
RA-1168,,Aluno-1168,PEDE2024,3N,3N,2602,2024,1,0.7977777777777778,1,1
RA-613,,Aluno-613,PEDE2024,3N,3N,2603,2024,1,0.7377777777777778,1,1
RA-433,,Aluno-433,PEDE2024,3N,3N,2604,2024,0,0.8488888888888889,1,1
RA-1547,,Aluno-1547,PEDE2024,3N,3N,2605,2024,1,0.88,1,1
RA-1548,,Aluno-1548,PEDE2024,3N,3N,2606,2024,0,0.6911111111111111,1,1
RA-304,,Aluno-304,PEDE2024,3N,3N,2607,2024,1,0.8533333333333334,1,1
RA-1549,,Aluno-1549,PEDE2024,3N,3N,2608,2024,1,0.9066666666666666,1,1
RA-632,,Aluno-632,PEDE2024,3P,3P,2609,2024,0,0.3288888888888889,0,0
RA-633,,Aluno-633,PEDE2024,3P,3P,2610,2024,0,0.3111111111111111,0,0
RA-1137,,Aluno-1137,PEDE2024,3P,3P,2611,2024,0,0.3844444444444444,0,0
RA-646,,Aluno-646,PEDE2024,3P,3P,2612,2024,1,0.34,0,0
RA-1550,,Aluno-1550,PEDE2024,3P,3P,2613,2024,1,0.8111111111111111,1,1
RA-1139,,Aluno-1139,PEDE2024,3P,3P,2614,2024,0,0.41555555555555557,0,0
RA-444,,Aluno-444,PEDE2024,3P,3P,2615,2024,1,0.7177777777777777,1,1
RA-445,,Aluno-445,PEDE2024,3P,3P,2616,2024,0,0.47333333333333333,0,0
RA-639,,Aluno-639,PEDE2024,3P,3P,2617,2024,0,0.4288888888888889,0,0
RA-1142,,Aluno-1142,PEDE2024,3P,3P,2618,2024,0,0.54,1,0
RA-1551,,Aluno-1551,PEDE2024,3P,3P,2619,2024,1,0.8888888888888888,1,1
RA-458,,Aluno-458,PEDE2024,3P,3P,2620,2024,1,0.84,1,1
RA-1552,,Aluno-1552,PEDE2024,3P,3P,2621,2024,0,0.5577777777777778,1,0
RA-1170,,Aluno-1170,PEDE2024,3P,3P,2622,2024,1,0.8155555555555556,1,1
RA-642,,Aluno-642,PEDE2024,3P,3P,2623,2024,0,0.3,0,0
RA-1553,,Aluno-1553,PEDE2024,3R,3R,2624,2024,0,0.6911111111111111,1,1
RA-1554,,Aluno-1554,PEDE2024,3R,3R,2625,2024,1,0.8577777777777778,1,1
RA-649,,Aluno-649,PEDE2024,3R,3R,2626,2024,0,0.5355555555555556,1,0
RA-1136,,Aluno-1136,PEDE2024,3R,3R,2627,2024,1,0.8444444444444444,1,1
RA-653,,Aluno-653,PEDE2024,3R,3R,2628,2024,0,0.5044444444444445,1,0
RA-456,,Aluno-456,PEDE2024,3R,3R,2629,2024,0,0.7933333333333333,1,1
RA-655,,Aluno-655,PEDE2024,3R,3R,2630,2024,0,0.5488888888888889,1,0
RA-656,,Aluno-656,PEDE2024,3R,3R,2631,2024,0,0.8466666666666667,1,1
RA-657,,Aluno-657,PEDE2024,3R,3R,2632,2024,0,0.5688888888888889,1,0
RA-1555,,Aluno-1555,PEDE2024,3R,3R,2633,2024,0,0.6577777777777778,1,1
RA-461,,Aluno-461,PEDE2024,3R,3R,2634,2024,0,0.8733333333333333,1,1
RA-398,,Aluno-398,PEDE2024,3U,3U,2635,2024,0,0.6555555555555556,1,1
RA-586,,Aluno-586,PEDE2024,3U,3U,2636,2024,0,0.6355555555555555,1,1
RA-623,,Aluno-623,PEDE2024,3U,3U,2637,2024,1,0.6155555555555555,1,1
RA-588,,Aluno-588,PEDE2024,3U,3U,2638,2024,0,0.5177777777777778,1,0
RA-626,,Aluno-626,PEDE2024,3U,3U,2639,2024,0,0.7888888888888889,1,1
RA-1556,,Aluno-1556,PEDE2024,3U,3U,2640,2024,0,0.8733333333333333,1,1
RA-455,,Aluno-455,PEDE2024,3U,3U,2641,2024,0,0.8711111111111111,1,1
RA-614,,Aluno-614,PEDE2024,3U,3U,2642,2024,1,0.49777777777777776,0,0
RA-434,,Aluno-434,PEDE2024,3U,3U,2643,2024,0,0.5044444444444445,1,0
RA-603,,Aluno-603,PEDE2024,3U,3U,2644,2024,0,0.4711111111111111,0,0
RA-1133,,Aluno-1133,PEDE2024,3U,3U,2645,2024,0,0.31333333333333335,0,0
RA-616,,Aluno-616,PEDE2024,3U,3U,2646,2024,0,0.7488888888888889,1,1
RA-1134,,Aluno-1134,PEDE2024,3U,3U,2647,2024,0,0.7422222222222222,1,1
RA-1557,,Aluno-1557,PEDE2024,3U,3U,2648,2024,0,0.8622222222222222,1,1
RA-670,,Aluno-670,PEDE2024,3U,3U,2649,2024,0,0.6577777777777778,1,1
RA-620,,Aluno-620,PEDE2024,3U,3U,2650,2024,0,0.8311111111111111,1,1
RA-1149,,Aluno-1149,PEDE2024,4A,4A,2651,2024,1,0.66,1,1
RA-1558,,Aluno-1558,PEDE2024,4A,4A,2652,2024,1,0.7266666666666667,1,1
RA-326,,Aluno-326,PEDE2024,4A,4A,2653,2024,0,0.54,1,0
RA-339,,Aluno-339,PEDE2024,4A,4A,2654,2024,0,0.2311111111111111,0,0
RA-179,,Aluno-179,PEDE2024,4A,4A,2655,2024,0,0.41555555555555557,0,0
RA-1559,,Aluno-1559,PEDE2024,4A,4A,2656,2024,1,0.74,1,1
RA-332,,Aluno-332,PEDE2024,4A,4A,2657,2024,0,0.54,1,0
RA-1560,,Aluno-1560,PEDE2024,4A,4A,2658,2024,0,0.5577777777777778,1,0
RA-1153,,Aluno-1153,PEDE2024,4A,4A,2659,2024,1,0.41555555555555557,0,0
RA-183,,Aluno-183,PEDE2024,4A,4A,2660,2024,0,0.7466666666666667,1,1
RA-199,,Aluno-199,PEDE2024,4A,4A,2661,2024,1,0.7844444444444445,1,1
RA-1561,,Aluno-1561,PEDE2024,4A,4A,2662,2024,1,0.5733333333333334,1,0
RA-336,,Aluno-336,PEDE2024,4A,4A,2663,2024,0,0.8822222222222222,1,1
RA-347,,Aluno-347,PEDE2024,4A,4A,2664,2024,0,0.32222222222222224,0,0
RA-397,,Aluno-397,PEDE2024,4A,4A,2665,2024,1,0.9222222222222223,1,1
RA-338,,Aluno-338,PEDE2024,4B,4B,2666,2024,0,0.5488888888888889,1,0
RA-392,,Aluno-392,PEDE2024,4B,4B,2667,2024,1,0.8533333333333334,1,1
RA-352,,Aluno-352,PEDE2024,4B,4B,2668,2024,0,0.4177777777777778,0,0
RA-1562,,Aluno-1562,PEDE2024,4B,4B,2669,2024,1,0.7644444444444445,1,1
RA-367,,Aluno-367,PEDE2024,4B,4B,2670,2024,0,0.42444444444444446,0,0
RA-1563,,Aluno-1563,PEDE2024,4B,4B,2671,2024,1,0.6666666666666666,1,1
RA-1564,,Aluno-1564,PEDE2024,4B,4B,2672,2024,1,0.8311111111111111,1,1
RA-1565,,Aluno-1565,PEDE2024,4B,4B,2673,2024,1,0.7911111111111111,1,1
RA-1566,,Aluno-1566,PEDE2024,4B,4B,2674,2024,1,0.82,1,1
RA-1567,,Aluno-1567,PEDE2024,4B,4B,2675,2024,1,0.8377777777777777,1,1
RA-356,,Aluno-356,PEDE2024,4B,4B,2676,2024,0,0.5844444444444444,1,0
RA-1568,,Aluno-1568,PEDE2024,4B,4B,2677,2024,1,0.7711111111111111,1,1
RA-247,,Aluno-247,PEDE2024,4B,4B,2678,2024,0,0.31777777777777777,0,0
RA-204,,Aluno-204,PEDE2024,4B,4B,2679,2024,0,0.7733333333333333,1,1
RA-1569,,Aluno-1569,PEDE2024,4B,4B,2680,2024,1,0.7888888888888889,1,1
RA-1570,,Aluno-1570,PEDE2024,4B,4B,2681,2024,1,0.8088888888888889,1,1
RA-1571,,Aluno-1571,PEDE2024,4B,4B,2682,2024,1,0.8822222222222222,1,1
RA-1572,,Aluno-1572,PEDE2024,4C,4C,2683,2024,1,0.7222222222222222,1,1
RA-1150,,Aluno-1150,PEDE2024,4C,4C,2684,2024,1,0.8422222222222222,1,1
RA-1573,,Aluno-1573,PEDE2024,4C,4C,2685,2024,1,0.8577777777777778,1,1
RA-1574,,Aluno-1574,PEDE2024,4C,4C,2686,2024,1,0.72,1,1
RA-1151,,Aluno-1151,PEDE2024,4C,4C,2687,2024,0,0.8466666666666667,1,1
RA-1575,,Aluno-1575,PEDE2024,4C,4C,2688,2024,1,0.8133333333333334,1,1
RA-1081,,Aluno-1081,PEDE2024,4C,4C,2689,2024,0,0.7888888888888889,1,1
RA-342,,Aluno-342,PEDE2024,4C,4C,2690,2024,1,0.7511111111111111,1,1
RA-1576,,Aluno-1576,PEDE2024,4C,4C,2691,2024,1,0.88,1,1
RA-187,,Aluno-187,PEDE2024,4C,4C,2692,2024,0,0.39111111111111113,0,0
RA-359,,Aluno-359,PEDE2024,4C,4C,2693,2024,0,0.7422222222222222,1,1
RA-1577,,Aluno-1577,PEDE2024,4C,4C,2694,2024,1,0.9066666666666666,1,1
RA-236,,Aluno-236,PEDE2024,4F,4F,2695,2024,0,0.6155555555555555,1,1
RA-249,,Aluno-249,PEDE2024,4F,4F,2696,2024,1,0.9466666666666667,1,1
RA-239,,Aluno-239,PEDE2024,4F,4F,2697,2024,1,0.9311111111111111,1,1
RA-382,,Aluno-382,PEDE2024,4F,4F,2698,2024,1,0.8288888888888889,1,1
RA-383,,Aluno-383,PEDE2024,4F,4F,2699,2024,0,0.32666666666666666,0,0
RA-1155,,Aluno-1155,PEDE2024,4F,4F,2700,2024,1,0.6955555555555556,1,1
RA-384,,Aluno-384,PEDE2024,4F,4F,2701,2024,0,0.5933333333333334,1,0
RA-1156,,Aluno-1156,PEDE2024,4F,4F,2702,2024,0,0.3622222222222222,0,0
RA-1578,,Aluno-1578,PEDE2024,4F,4F,2703,2024,0,0.38666666666666666,0,0
RA-388,,Aluno-388,PEDE2024,4F,4F,2704,2024,1,0.8577777777777778,1,1
RA-260,,Aluno-260,PEDE2024,4F,4F,2705,2024,0,0.6866666666666666,1,1
RA-395,,Aluno-395,PEDE2024,4F,4F,2706,2024,0,0.22,0,0
RA-262,,Aluno-262,PEDE2024,4F,4F,2707,2024,1,0.92,1,1
RA-1579,,Aluno-1579,PEDE2024,4F,4F,2708,2024,1,0.7377777777777778,1,1
RA-1580,,Aluno-1580,PEDE2024,4F,4F,2709,2024,1,0.7844444444444445,1,1
RA-377,,Aluno-377,PEDE2024,4F,4F,2710,2024,0,0.7911111111111111,1,1
RA-250,,Aluno-250,PEDE2024,4H,4H,2711,2024,0,0.86,1,1
RA-1581,,Aluno-1581,PEDE2024,4H,4H,2712,2024,1,0.8555555555555555,1,1
RA-1582,,Aluno-1582,PEDE2024,4H,4H,2713,2024,1,0.8177777777777778,1,1
RA-1583,,Aluno-1583,PEDE2024,4H,4H,2714,2024,1,0.5288888888888889,1,0
RA-450,,Aluno-450,PEDE2024,4L,4L,2715,2024,1,0.6111111111111112,1,1
RA-426,,Aluno-426,PEDE2024,4L,4L,2716,2024,1,0.9555555555555556,1,1
RA-1584,,Aluno-1584,PEDE2024,4L,4L,2717,2024,1,0.66,1,1
RA-313,,Aluno-313,PEDE2024,4L,4L,2718,2024,1,0.86,1,1
RA-467,,Aluno-467,PEDE2024,4L,4L,2719,2024,0,0.8866666666666667,1,1
RA-1585,,Aluno-1585,PEDE2024,4L,4L,2720,2024,1,0.9066666666666666,1,1
RA-432,,Aluno-432,PEDE2024,4L,4L,2721,2024,1,0.9066666666666666,1,1
RA-1586,,Aluno-1586,PEDE2024,4L,4L,2722,2024,1,0.7511111111111111,1,1
RA-470,,Aluno-470,PEDE2024,4L,4L,2723,2024,0,0.6111111111111112,1,1
RA-417,,Aluno-417,PEDE2024,4L,4L,2724,2024,0,0.5733333333333334,1,0
RA-407,,Aluno-407,PEDE2024,4L,4L,2725,2024,0,0.6355555555555555,1,1
RA-1587,,Aluno-1587,PEDE2024,4L,4L,2726,2024,1,0.7911111111111111,1,1
RA-1588,,Aluno-1588,PEDE2024,4L,4L,2727,2024,0,0.8577777777777778,1,1
RA-424,,Aluno-424,PEDE2024,4L,4L,2728,2024,0,0.43777777777777777,0,0
RA-1193,,Aluno-1193,PEDE2024,4L,4L,2729,2024,1,0.8844444444444445,1,1
RA-411,,Aluno-411,PEDE2024,4M,4M,2730,2024,0,0.48,0,0
RA-412,,Aluno-412,PEDE2024,4M,4M,2731,2024,0,0.48444444444444446,0,0
RA-428,,Aluno-428,PEDE2024,4M,4M,2732,2024,0,0.4088888888888889,0,0
RA-315,,Aluno-315,PEDE2024,4M,4M,2733,2024,1,0.8888888888888888,1,1
RA-442,,Aluno-442,PEDE2024,4M,4M,2734,2024,0,0.35777777777777775,0,0
RA-301,,Aluno-301,PEDE2024,4M,4M,2735,2024,0,0.8222222222222222,1,1
RA-1163,,Aluno-1163,PEDE2024,4M,4M,2736,2024,0,0.6133333333333333,1,1
RA-402,,Aluno-402,PEDE2024,4M,4M,2737,2024,0,0.7533333333333333,1,1
RA-1589,,Aluno-1589,PEDE2024,4M,4M,2738,2024,1,0.6688888888888889,1,1
RA-1162,,Aluno-1162,PEDE2024,4M,4M,2739,2024,0,0.74,1,1
RA-471,,Aluno-471,PEDE2024,4M,4M,2740,2024,0,0.7311111111111112,1,1
RA-416,,Aluno-416,PEDE2024,4M,4M,2741,2024,0,0.35555555555555557,0,0
RA-303,,Aluno-303,PEDE2024,4M,4M,2742,2024,1,0.9355555555555556,1,1
RA-418,,Aluno-418,PEDE2024,4M,4M,2743,2024,0,0.6911111111111111,1,1
RA-419,,Aluno-419,PEDE2024,4M,4M,2744,2024,0,0.5422222222222223,1,0
RA-420,,Aluno-420,PEDE2024,4M,4M,2745,2024,0,0.3111111111111111,0,0
RA-1166,,Aluno-1166,PEDE2024,4M,4M,2746,2024,1,0.8688888888888889,1,1
RA-425,,Aluno-425,PEDE2024,4M,4M,2747,2024,0,0.6355555555555555,1,1
RA-1590,,Aluno-1590,PEDE2024,4N,4N,2748,2024,1,0.5,1,0
RA-1591,,Aluno-1591,PEDE2024,4N,4N,2749,2024,1,0.8466666666666667,1,1
RA-273,,Aluno-273,PEDE2024,4N,4N,2750,2024,1,0.9711111111111111,1,1
RA-1592,,Aluno-1592,PEDE2024,4N,4N,2751,2024,1,0.9177777777777778,1,1
RA-457,,Aluno-457,PEDE2024,4N,4N,2752,2024,0,0.7355555555555555,1,1
RA-305,,Aluno-305,PEDE2024,4N,4N,2753,2024,1,0.9133333333333333,1,1
RA-421,,Aluno-421,PEDE2024,4N,4N,2754,2024,0,0.11333333333333333,0,0
RA-1169,,Aluno-1169,PEDE2024,4N,4N,2755,2024,1,0.7911111111111111,1,1
RA-1593,,Aluno-1593,PEDE2024,4N,4N,2756,2024,1,0.7177777777777777,1,1
RA-1594,,Aluno-1594,PEDE2024,4N,4N,2757,2024,1,0.8444444444444444,1,1
RA-283,,Aluno-283,PEDE2024,4N,4N,2758,2024,1,0.8222222222222222,1,1
RA-459,,Aluno-459,PEDE2024,4N,4N,2759,2024,0,0.44222222222222224,0,0
RA-454,,Aluno-454,PEDE2024,4R,4R,2760,2024,1,0.8644444444444445,1,1
RA-1595,,Aluno-1595,PEDE2024,4R,4R,2761,2024,0,0.74,1,1
RA-1596,,Aluno-1596,PEDE2024,4R,4R,2762,2024,1,0.8288888888888889,1,1
RA-170,,Aluno-170,PEDE2024,4R,4R,2763,2024,1,0.8222222222222222,1,1
RA-1597,,Aluno-1597,PEDE2024,4R,4R,2764,2024,1,0.8,1,1
RA-1171,,Aluno-1171,PEDE2024,4R,4R,2765,2024,1,0.7222222222222222,1,1
RA-116,,Aluno-116,PEDE2024,5A,5A,2766,2024,1,0.6288888888888889,1,1
RA-217,,Aluno-217,PEDE2024,5A,5A,2767,2024,1,0.66,1,1
RA-103,,Aluno-103,PEDE2024,5A,5A,2768,2024,0,0.5777777777777777,1,0
RA-178,,Aluno-178,PEDE2024,5A,5A,2769,2024,0,0.78,1,1
RA-1172,,Aluno-1172,PEDE2024,5A,5A,2770,2024,1,0.7622222222222222,1,1
RA-180,,Aluno-180,PEDE2024,5A,5A,2771,2024,0,0.4822222222222222,0,0
RA-181,,Aluno-181,PEDE2024,5A,5A,2772,2024,0,0.43777777777777777,0,0
RA-121,,Aluno-121,PEDE2024,5A,5A,2773,2024,1,0.6666666666666666,1,1
RA-211,,Aluno-211,PEDE2024,5A,5A,2774,2024,0,0.2311111111111111,0,0
RA-1198,,Aluno-1198,PEDE2024,5A,5A,2775,2024,1,0.7777777777777778,1,1
RA-110,,Aluno-110,PEDE2024,5A,5A,2776,2024,0,0.6222222222222222,1,1
RA-189,,Aluno-189,PEDE2024,5A,5A,2777,2024,0,0.7288888888888889,1,1
RA-127,,Aluno-127,PEDE2024,5A,5A,2778,2024,0,0.6266666666666667,1,1
RA-115,,Aluno-115,PEDE2024,5A,5A,2779,2024,1,0.9222222222222223,1,1
RA-215,,Aluno-215,PEDE2024,5B,5B,2780,2024,0,0.6844444444444444,1,1
RA-1598,,Aluno-1598,PEDE2024,5B,5B,2781,2024,0,0.7155555555555555,1,1
RA-1174,,Aluno-1174,PEDE2024,5B,5B,2782,2024,0,0.84,1,1
RA-192,,Aluno-192,PEDE2024,5B,5B,2783,2024,1,0.8333333333333334,1,1
RA-220,,Aluno-220,PEDE2024,5B,5B,2784,2024,0,0.7644444444444445,1,1
RA-186,,Aluno-186,PEDE2024,5B,5B,2785,2024,0,0.43777777777777777,0,0
RA-1181,,Aluno-1181,PEDE2024,5B,5B,2786,2024,0,0.5822222222222222,1,0
RA-1599,,Aluno-1599,PEDE2024,5B,5B,2787,2024,1,0.7777777777777778,1,1
RA-111,,Aluno-111,PEDE2024,5B,5B,2788,2024,0,0.35777777777777775,0,0
RA-1600,,Aluno-1600,PEDE2024,5B,5B,2789,2024,1,0.7288888888888889,1,1
RA-1601,,Aluno-1601,PEDE2024,5C,5C,2790,2024,1,0.6733333333333333,1,1
RA-176,,Aluno-176,PEDE2024,5C,5C,2791,2024,0,0.4666666666666667,0,0
RA-1602,,Aluno-1602,PEDE2024,5C,5C,2792,2024,0,0.7266666666666667,1,1
RA-1603,,Aluno-1603,PEDE2024,5C,5C,2793,2024,1,0.5644444444444444,1,0
RA-1604,,Aluno-1604,PEDE2024,5C,5C,2794,2024,1,0.8177777777777778,1,1
RA-193,,Aluno-193,PEDE2024,5C,5C,2795,2024,0,0.26,0,0
RA-195,,Aluno-195,PEDE2024,5C,5C,2796,2024,0,0.38666666666666666,0,0
RA-196,,Aluno-196,PEDE2024,5C,5C,2797,2024,0,0.3,0,0
RA-197,,Aluno-197,PEDE2024,5C,5C,2798,2024,0,0.3022222222222222,0,0
RA-229,,Aluno-229,PEDE2024,5C,5C,2799,2024,0,0.31333333333333335,0,0
RA-202,,Aluno-202,PEDE2024,5C,5C,2800,2024,1,0.8444444444444444,1,1
RA-1176,,Aluno-1176,PEDE2024,5C,5C,2801,2024,0,0.5266666666666666,1,0
RA-1177,,Aluno-1177,PEDE2024,5C,5C,2802,2024,0,0.31555555555555553,0,0
RA-146,,Aluno-146,PEDE2024,5D,5D,2803,2024,1,0.7377777777777778,1,1
RA-1199,,Aluno-1199,PEDE2024,5D,5D,2804,2024,1,0.7088888888888889,1,1
RA-1178,,Aluno-1178,PEDE2024,5D,5D,2805,2024,1,0.7488888888888889,1,1
RA-149,,Aluno-149,PEDE2024,5D,5D,2806,2024,1,0.8644444444444445,1,1
RA-1605,,Aluno-1605,PEDE2024,5D,5D,2807,2024,1,0.7422222222222222,1,1
RA-107,,Aluno-107,PEDE2024,5D,5D,2808,2024,1,0.9088888888888889,1,1
RA-184,,Aluno-184,PEDE2024,5D,5D,2809,2024,0,0.6177777777777778,1,1
RA-1606,,Aluno-1606,PEDE2024,5D,5D,2810,2024,1,0.7911111111111111,1,1
RA-1607,,Aluno-1607,PEDE2024,5D,5D,2811,2024,1,0.7311111111111112,1,1
RA-1608,,Aluno-1608,PEDE2024,5D,5D,2812,2024,0,0.8444444444444444,1,1
RA-1173,,Aluno-1173,PEDE2024,5D,5D,2813,2024,0,0.74,1,1
RA-237,,Aluno-237,PEDE2024,5F,5F,2814,2024,1,0.5377777777777778,1,0
RA-147,,Aluno-147,PEDE2024,5F,5F,2815,2024,1,0.5533333333333333,1,0
RA-131,,Aluno-131,PEDE2024,5F,5F,2816,2024,1,0.8266666666666667,1,1
RA-1609,,Aluno-1609,PEDE2024,5F,5F,2817,2024,1,0.7177777777777777,1,1
RA-137,,Aluno-137,PEDE2024,5F,5F,2818,2024,1,0.8,1,1
RA-1184,,Aluno-1184,PEDE2024,5F,5F,2819,2024,1,0.72,1,1
RA-138,,Aluno-138,PEDE2024,5F,5F,2820,2024,1,0.8311111111111111,1,1
RA-1610,,Aluno-1610,PEDE2024,5F,5F,2821,2024,1,0.7666666666666667,1,1
RA-1611,,Aluno-1611,PEDE2024,5F,5F,2822,2024,1,0.8022222222222222,1,1
RA-1612,,Aluno-1612,PEDE2024,5F,5F,2823,2024,1,0.8377777777777777,1,1
RA-1188,,Aluno-1188,PEDE2024,5G,5G,2824,2024,1,0.7511111111111111,1,1
RA-1613,,Aluno-1613,PEDE2024,5G,5G,2825,2024,1,0.86,1,1
RA-244,,Aluno-244,PEDE2024,5G,5G,2826,2024,0,0.58,1,0
RA-267,,Aluno-267,PEDE2024,5G,5G,2827,2024,1,0.9177777777777778,1,1
RA-1189,,Aluno-1189,PEDE2024,5G,5G,2828,2024,1,0.7911111111111111,1,1
RA-113,,Aluno-113,PEDE2024,5G,5G,2829,2024,1,0.9155555555555556,1,1
RA-152,,Aluno-152,PEDE2024,5L,5L,2830,2024,1,0.9266666666666666,1,1
RA-318,,Aluno-318,PEDE2024,5L,5L,2831,2024,1,0.9777777777777777,1,1
RA-274,,Aluno-274,PEDE2024,5L,5L,2832,2024,0,0.7355555555555555,1,1
RA-319,,Aluno-319,PEDE2024,5L,5L,2833,2024,0,0.5244444444444445,1,0
RA-160,,Aluno-160,PEDE2024,5L,5L,2834,2024,1,0.9022222222222223,1,1
RA-161,,Aluno-161,PEDE2024,5L,5L,2835,2024,0,0.7377777777777778,1,1
RA-1614,,Aluno-1614,PEDE2024,5L,5L,2836,2024,1,0.8311111111111111,1,1
RA-164,,Aluno-164,PEDE2024,5L,5L,2837,2024,1,0.7777777777777778,1,1
RA-165,,Aluno-165,PEDE2024,5L,5L,2838,2024,0,0.7777777777777778,1,1
RA-1615,,Aluno-1615,PEDE2024,5M,5M,2839,2024,0,0.54,1,0
RA-1616,,Aluno-1616,PEDE2024,5M,5M,2840,2024,1,0.7866666666666666,1,1
RA-271,,Aluno-271,PEDE2024,5M,5M,2841,2024,1,0.82,1,1
RA-316,,Aluno-316,PEDE2024,5M,5M,2842,2024,0,0.6044444444444445,1,1
RA-286,,Aluno-286,PEDE2024,5M,5M,2843,2024,1,0.8977777777777778,1,1
RA-320,,Aluno-320,PEDE2024,5M,5M,2844,2024,0,0.5355555555555556,1,0
RA-1207,,Aluno-1207,PEDE2024,5M,5M,2845,2024,1,0.6777777777777778,1,1
RA-1617,,Aluno-1617,PEDE2024,5M,5M,2846,2024,1,0.7733333333333333,1,1
RA-158,,Aluno-158,PEDE2024,5M,5M,2847,2024,0,0.6533333333333333,1,1
RA-306,,Aluno-306,PEDE2024,5M,5M,2848,2024,1,0.9044444444444445,1,1
RA-1618,,Aluno-1618,PEDE2024,5M,5M,2849,2024,1,0.8244444444444444,1,1
RA-308,,Aluno-308,PEDE2024,5M,5M,2850,2024,0,0.8088888888888889,1,1
RA-1619,,Aluno-1619,PEDE2024,5M,5M,2851,2024,0,0.8533333333333334,1,1
RA-299,,Aluno-299,PEDE2024,5N,5N,2852,2024,0,0.6688888888888889,1,1
RA-251,,Aluno-251,PEDE2024,5N,5N,2853,2024,1,0.8244444444444444,1,1
RA-157,,Aluno-157,PEDE2024,5N,5N,2854,2024,0,0.6355555555555555,1,1
RA-1620,,Aluno-1620,PEDE2024,5N,5N,2855,2024,1,0.92,1,1
RA-321,,Aluno-321,PEDE2024,5N,5N,2856,2024,0,0.4266666666666667,0,0
RA-1195,,Aluno-1195,PEDE2024,5N,5N,2857,2024,1,0.7355555555555555,1,1
RA-1200,,Aluno-1200,PEDE2024,5N,5N,2858,2024,1,0.8377777777777777,1,1
RA-278,,Aluno-278,PEDE2024,5N,5N,2859,2024,0,0.8511111111111112,1,1
RA-85,,Aluno-85,PEDE2024,5N,5N,2860,2024,1,0.7488888888888889,1,1
RA-279,,Aluno-279,PEDE2024,5N,5N,2861,2024,0,0.31333333333333335,0,0
RA-1621,,Aluno-1621,PEDE2024,5N,5N,2862,2024,1,0.7977777777777778,1,1
RA-280,,Aluno-280,PEDE2024,5N,5N,2863,2024,0,0.7755555555555556,1,1
RA-1201,,Aluno-1201,PEDE2024,5N,5N,2864,2024,1,0.7977777777777778,1,1
RA-1622,,Aluno-1622,PEDE2024,5N,5N,2865,2024,1,0.7711111111111111,1,1
RA-132,,Aluno-132,PEDE2024,6A,6A,2866,2024,0,0.5822222222222222,1,0
RA-42,,Aluno-42,PEDE2024,6A,6A,2867,2024,1,0.7444444444444445,1,1
RA-1623,,Aluno-1623,PEDE2024,6A,6A,2868,2024,0,0.6888888888888889,1,1
RA-106,,Aluno-106,PEDE2024,6A,6A,2869,2024,0,0.3466666666666667,0,0
RA-123,,Aluno-123,PEDE2024,6A,6A,2870,2024,1,0.5488888888888889,1,0
RA-125,,Aluno-125,PEDE2024,6A,6A,2871,2024,1,0.7822222222222223,1,1
RA-1624,,Aluno-1624,PEDE2024,6A,6A,2872,2024,1,0.7888888888888889,1,1
RA-1625,,Aluno-1625,PEDE2024,6A,6A,2873,2024,0,0.84,1,1
RA-1626,,Aluno-1626,PEDE2024,6A,6A,2874,2024,0,0.6577777777777778,1,1
RA-1627,,Aluno-1627,PEDE2024,6A,6A,2875,2024,1,0.8022222222222222,1,1
RA-1628,,Aluno-1628,PEDE2024,6A,6A,2876,2024,0,0.7066666666666667,1,1
RA-112,,Aluno-112,PEDE2024,6A,6A,2877,2024,0,0.7111111111111111,1,1
RA-1629,,Aluno-1629,PEDE2024,6A,6A,2878,2024,1,0.7422222222222222,1,1
RA-91,,Aluno-91,PEDE2024,6L,6L,2879,2024,1,0.8022222222222222,1,1
RA-167,,Aluno-167,PEDE2024,6L,6L,2880,2024,1,0.8511111111111112,1,1
RA-1203,,Aluno-1203,PEDE2024,6L,6L,2881,2024,0,0.7222222222222222,1,1
RA-94,,Aluno-94,PEDE2024,6L,6L,2882,2024,0,0.5111111111111111,1,0
RA-81,,Aluno-81,PEDE2024,6L,6L,2883,2024,0,0.68,1,1
RA-1630,,Aluno-1630,PEDE2024,6L,6L,2884,2024,0,0.7622222222222222,1,1
RA-171,,Aluno-171,PEDE2024,6L,6L,2885,2024,1,0.7333333333333333,1,1
RA-1220,,Aluno-1220,PEDE2024,6L,6L,2886,2024,1,0.7911111111111111,1,1
RA-1631,,Aluno-1631,PEDE2024,6L,6L,2887,2024,1,0.7488888888888889,1,1
RA-1632,,Aluno-1632,PEDE2024,6L,6L,2888,2024,0,0.7111111111111111,1,1
RA-1210,,Aluno-1210,PEDE2024,6L,6L,2889,2024,0,0.8577777777777778,1,1
RA-175,,Aluno-175,PEDE2024,6L,6L,2890,2024,1,0.7466666666666667,1,1
RA-80,,Aluno-80,PEDE2024,7A,7A,2891,2024,0,0.7666666666666667,1,1
RA-40,,Aluno-40,PEDE2024,7A,7A,2892,2024,0,0.7333333333333333,1,1
RA-1214,,Aluno-1214,PEDE2024,7A,7A,2893,2024,0,0.6733333333333333,1,1
RA-92,,Aluno-92,PEDE2024,7A,7A,2894,2024,0,0.7044444444444444,1,1
RA-45,,Aluno-45,PEDE2024,7A,7A,2895,2024,0,0.7177777777777777,1,1
RA-56,,Aluno-56,PEDE2024,7A,7A,2896,2024,0,0.6066666666666667,1,1
RA-57,,Aluno-57,PEDE2024,7A,7A,2897,2024,0,0.8022222222222222,1,1
RA-58,,Aluno-58,PEDE2024,7A,7A,2898,2024,0,0.5644444444444444,1,0
RA-78,,Aluno-78,PEDE2024,7A,7A,2899,2024,0,0.6866666666666666,1,1
RA-87,,Aluno-87,PEDE2024,7A,7A,2900,2024,0,0.5955555555555555,1,0
RA-64,,Aluno-64,PEDE2024,7A,7A,2901,2024,0,0.8111111111111111,1,1
RA-48,,Aluno-48,PEDE2024,7A,7A,2902,2024,0,0.52,1,0
RA-1230,,Aluno-1230,PEDE2024,7E,7E,2903,2024,0,0.7955555555555556,1,1
RA-90,,Aluno-90,PEDE2024,7E,7E,2904,2024,0,0.4666666666666667,0,0
RA-269,,Aluno-269,PEDE2024,7E,7E,2905,2024,0,0.7044444444444444,1,1
RA-270,,Aluno-270,PEDE2024,7E,7E,2906,2024,0,0.6777777777777778,1,1
RA-76,,Aluno-76,PEDE2024,7E,7E,2907,2024,0,0.5933333333333334,1,0
RA-153,,Aluno-153,PEDE2024,7E,7E,2908,2024,0,0.7488888888888889,1,1
RA-1226,,Aluno-1226,PEDE2024,7E,7E,2909,2024,0,0.7022222222222222,1,1
RA-93,,Aluno-93,PEDE2024,7E,7E,2910,2024,0,0.5266666666666666,1,0
RA-119,,Aluno-119,PEDE2024,7E,7E,2911,2024,0,0.8088888888888889,1,1
RA-241,,Aluno-241,PEDE2024,7E,7E,2912,2024,0,0.5355555555555556,1,0
RA-242,,Aluno-242,PEDE2024,7E,7E,2913,2024,0,0.5955555555555555,1,0
RA-52,,Aluno-52,PEDE2024,7E,7E,2914,2024,0,0.8022222222222222,1,1
RA-1227,,Aluno-1227,PEDE2024,7E,7E,2915,2024,0,0.8022222222222222,1,1
RA-245,,Aluno-245,PEDE2024,7E,7E,2916,2024,0,0.5355555555555556,1,0
RA-246,,Aluno-246,PEDE2024,7E,7E,2917,2024,0,0.6622222222222223,1,1
RA-1228,,Aluno-1228,PEDE2024,7E,7E,2918,2024,0,0.8066666666666666,1,1
RA-1229,,Aluno-1229,PEDE2024,7E,7E,2919,2024,0,0.8066666666666666,1,1
RA-98,,Aluno-98,PEDE2024,7E,7E,2920,2024,0,0.6355555555555555,1,1
RA-277,,Aluno-277,PEDE2024,7E,7E,2921,2024,0,0.9511111111111111,1,1
RA-172,,Aluno-172,PEDE2024,7E,7E,2922,2024,0,0.5911111111111111,1,0
RA-291,,Aluno-291,PEDE2024,7E,7E,2923,2024,0,0.6044444444444445,1,1
RA-86,,Aluno-86,PEDE2024,7E,7E,2924,2024,0,0.7533333333333333,1,1
RA-143,,Aluno-143,PEDE2024,7E,7E,2925,2024,0,0.6755555555555556,1,1
RA-166,,Aluno-166,PEDE2024,7E,7E,2926,2024,0,0.6466666666666666,1,1
RA-191,,Aluno-191,PEDE2024,7E,7E,2927,2024,0,0.5777777777777777,1,0
RA-1236,,Aluno-1236,PEDE2024,8A,8A,2928,2024,0,0.76,1,1
RA-1234,,Aluno-1234,PEDE2024,8A,8A,2929,2024,0,0.7777777777777778,1,1
RA-1633,,Aluno-1633,PEDE2024,8B,8B,2930,2024,0,0.8,1,1
RA-1248,,Aluno-1248,PEDE2024,8B,8B,2931,2024,0,0.8,1,1
RA-1246,,Aluno-1246,PEDE2024,8B,8B,2932,2024,0,0.7777777777777778,1,1
RA-1245,,Aluno-1245,PEDE2024,8B,8B,2933,2024,0,0.8,1,1
RA-1244,,Aluno-1244,PEDE2024,8B,8B,2934,2024,0,0.7777777777777778,1,1
RA-1634,,Aluno-1634,PEDE2024,8B,8B,2935,2024,0,0.7777777777777778,1,1
RA-1242,,Aluno-1242,PEDE2024,8B,8B,2936,2024,0,0.7866666666666666,1,1
RA-1250,,Aluno-1250,PEDE2024,8B,8B,2937,2024,0,0.8,1,1
RA-1241,,Aluno-1241,PEDE2024,8B,8B,2938,2024,0,0.7777777777777778,1,1
RA-1240,,Aluno-1240,PEDE2024,8B,8B,2939,2024,0,0.8,1,1
RA-1249,,Aluno-1249,PEDE2024,8B,8B,2940,2024,0,0.7222222222222222,1,1
RA-1239,,Aluno-1239,PEDE2024,8B,8B,2941,2024,0,0.7777777777777778,1,1
RA-1251,,Aluno-1251,PEDE2024,8B,8B,2942,2024,0,0.7777777777777778,1,1
RA-1264,,Aluno-1264,PEDE2024,8D,8D,2943,2024,0,0.7777777777777778,1,1
RA-1263,,Aluno-1263,PEDE2024,8D,8D,2944,2024,0,0.7777777777777778,1,1
RA-1262,,Aluno-1262,PEDE2024,8D,8D,2945,2024,0,0.7866666666666666,1,1
RA-1261,,Aluno-1261,PEDE2024,8D,8D,2946,2024,0,0.7866666666666666,1,1
RA-1259,,Aluno-1259,PEDE2024,8D,8D,2947,2024,0,0.7866666666666666,1,1
RA-1257,,Aluno-1257,PEDE2024,8D,8D,2948,2024,0,0.8266666666666667,1,1
RA-1256,,Aluno-1256,PEDE2024,8D,8D,2949,2024,0,0.8022222222222222,1,1
RA-1265,,Aluno-1265,PEDE2024,8D,8D,2950,2024,0,0.7622222222222222,1,1
RA-1255,,Aluno-1255,PEDE2024,8D,8D,2951,2024,0,0.8177777777777778,1,1
RA-13,,Aluno-13,PEDE2024,8D,8D,2952,2024,0,0.7355555555555555,1,1
RA-1253,,Aluno-1253,PEDE2024,8D,8D,2953,2024,0,0.76,1,1
RA-1635,,Aluno-1635,PEDE2024,8D,8D,2954,2024,0,0.7866666666666666,1,1
RA-1273,,Aluno-1273,PEDE2024,8E,8E,2955,2024,0,0.7688888888888888,1,1
RA-14,,Aluno-14,PEDE2024,8E,8E,2956,2024,0,0.64,1,1
RA-1271,,Aluno-1271,PEDE2024,8E,8E,2957,2024,0,0.8022222222222222,1,1
RA-1,,Aluno-1,PEDE2024,8E,8E,2958,2024,0,0.8066666666666666,1,1
RA-1270,,Aluno-1270,PEDE2024,8E,8E,2959,2024,0,0.7866666666666666,1,1
RA-1274,,Aluno-1274,PEDE2024,8E,8E,2960,2024,0,0.8022222222222222,1,1
RA-23,,Aluno-23,PEDE2024,8E,8E,2961,2024,0,0.7333333333333333,1,1
RA-2,,Aluno-2,PEDE2024,8E,8E,2962,2024,0,0.7355555555555555,1,1
RA-25,,Aluno-25,PEDE2024,8E,8E,2963,2024,0,0.72,1,1
RA-1272,,Aluno-1272,PEDE2024,8E,8E,2964,2024,0,0.7866666666666666,1,1
RA-6,,Aluno-6,PEDE2024,8E,8E,2965,2024,0,0.8,1,1
RA-29,,Aluno-29,PEDE2024,8E,8E,2966,2024,0,0.8488888888888889,1,1
RA-17,,Aluno-17,PEDE2024,8E,8E,2967,2024,0,0.6822222222222222,1,1
RA-7,,Aluno-7,PEDE2024,8E,8E,2968,2024,0,0.7577777777777778,1,1
RA-31,,Aluno-31,PEDE2024,8E,8E,2969,2024,0,0.6888888888888889,1,1
RA-1269,,Aluno-1269,PEDE2024,8E,8E,2970,2024,0,0.8022222222222222,1,1
RA-12,,Aluno-12,PEDE2024,8E,8E,2971,2024,0,0.8511111111111112,1,1
RA-35,,Aluno-35,PEDE2024,8E,8E,2972,2024,0,0.6911111111111111,1,1
RA-1636,,Aluno-1636,PEDE2024,8E,8E,2973,2024,0,0.7866666666666666,1,1
RA-88,,Aluno-88,PEDE2024,8E,8E,2974,2024,0,0.7444444444444445,1,1
RA-36,,Aluno-36,PEDE2024,8E,8E,2975,2024,0,0.7177777777777777,1,1
RA-21,,Aluno-21,PEDE2024,8E,8E,2976,2024,0,0.7755555555555556,1,1
RA-49,,Aluno-49,PEDE2024,8E,8E,2977,2024,0,0.7466666666666667,1,1
RA-1225,,Aluno-1225,PEDE2024,8F,8F,2978,2024,0,0.8022222222222222,1,1
RA-1221,,Aluno-1221,PEDE2024,8F,8F,2979,2024,0,0.7577777777777778,1,1
RA-26,,Aluno-26,PEDE2024,8F,8F,2980,2024,0,0.7088888888888889,1,1
RA-27,,Aluno-27,PEDE2024,8F,8F,2981,2024,0,0.7022222222222222,1,1
RA-155,,Aluno-155,PEDE2024,8F,8F,2982,2024,0,0.8022222222222222,1,1
RA-96,,Aluno-96,PEDE2024,8F,8F,2983,2024,0,0.7,1,1
RA-59,,Aluno-59,PEDE2024,8F,8F,2984,2024,0,0.7044444444444444,1,1
RA-1216,,Aluno-1216,PEDE2024,8F,8F,2985,2024,0,0.6955555555555556,1,1
RA-19,,Aluno-19,PEDE2024,8F,8F,2986,2024,0,0.6711111111111111,1,1
RA-62,,Aluno-62,PEDE2024,8F,8F,2987,2024,0,0.7066666666666667,1,1
RA-173,,Aluno-173,PEDE2024,8F,8F,2988,2024,0,0.7155555555555555,1,1
RA-38,,Aluno-38,PEDE2024,8F,8F,2989,2024,0,0.62,1,1
RA-1224,,Aluno-1224,PEDE2024,8F,8F,2990,2024,0,0.7266666666666667,1,1
RA-39,,Aluno-39,PEDE2024,8F,8F,2991,2024,0,0.7044444444444444,1,1
RA-1637,,Aluno-1637,PEDE2024,9,9,2992,2024,0,0.7666666666666667,1,1
RA-1638,,Aluno-1638,PEDE2024,9,9,2993,2024,0,0.76,1,1
RA-1268,,Aluno-1268,PEDE2024,9,9,2994,2024,0,0.8177777777777778,1,1
RA-1260,,Aluno-1260,PEDE2024,9,9,2995,2024,0,0.8177777777777778,1,1
RA-1639,,Aluno-1639,PEDE2024,9,9,2996,2024,0,0.8,1,1
RA-1640,,Aluno-1640,PEDE2024,9,9,2997,2024,0,0.7555555555555555,1,1
RA-1641,,Aluno-1641,PEDE2024,9,9,2998,2024,0,0.8,1,1
RA-1266,,Aluno-1266,PEDE2024,9,9,2999,2024,0,0.7866666666666666,1,1
RA-1642,,Aluno-1642,PEDE2024,9,9,3000,2024,0,0.7666666666666667,1,1
RA-1258,,Aluno-1258,PEDE2024,9,9,3001,2024,0,0.7511111111111111,1,1
RA-1235,,Aluno-1235,PEDE2024,9,9,3002,2024,0,0.7711111111111111,1,1
RA-1643,,Aluno-1643,PEDE2024,9,9,3003,2024,0,0.7711111111111111,1,1
RA-1644,,Aluno-1644,PEDE2024,9,9,3004,2024,0,0.8,1,1
RA-1645,,Aluno-1645,PEDE2024,9,9,3005,2024,0,0.7666666666666667,1,1
RA-1646,,Aluno-1646,PEDE2024,9,9,3006,2024,0,0.8,1,1
RA-1647,,Aluno-1647,PEDE2024,9,9,3007,2024,0,0.76,1,1
RA-1237,,Aluno-1237,PEDE2024,9,9,3008,2024,0,0.76,1,1
RA-1648,,Aluno-1648,PEDE2024,9,9,3009,2024,0,0.7711111111111111,1,1
RA-1649,,Aluno-1649,PEDE2024,9,9,3010,2024,0,0.7666666666666667,1,1
RA-1650,,Aluno-1650,PEDE2024,9,9,3011,2024,0,0.7711111111111111,1,1
RA-1651,,Aluno-1651,PEDE2024,9,9,3012,2024,0,0.7711111111111111,1,1
RA-1652,,Aluno-1652,PEDE2024,9,9,3013,2024,0,0.76,1,1
RA-1653,,Aluno-1653,PEDE2024,9,9,3014,2024,0,0.8177777777777778,1,1
RA-1654,,Aluno-1654,PEDE2024,9,9,3015,2024,0,0.7711111111111111,1,1
RA-1655,,Aluno-1655,PEDE2024,9,9,3016,2024,0,0.7444444444444445,1,1
RA-1656,,Aluno-1656,PEDE2024,9,9,3017,2024,0,0.7711111111111111,1,1
RA-1254,,Aluno-1254,PEDE2024,9,9,3018,2024,0,0.8177777777777778,1,1
RA-1233,,Aluno-1233,PEDE2024,9,9,3019,2024,0,0.7555555555555555,1,1
RA-1232,,Aluno-1232,PEDE2024,9,9,3020,2024,0,0.7711111111111111,1,1
RA-1231,,Aluno-1231,PEDE2024,9,9,3021,2024,0,0.7666666666666667,1,1
RA-1238,,Aluno-1238,PEDE2024,9,9,3022,2024,0,0.76,1,1
RA-1267,,Aluno-1267,PEDE2024,9,9,3023,2024,0,0.7555555555555555,1,1
RA-1657,,Aluno-1657,PEDE2024,9,9,3024,2024,0,0.8177777777777778,1,1
RA-1658,,Aluno-1658,PEDE2024,9,9,3025,2024,0,0.8,1,1
RA-1659,,Aluno-1659,PEDE2024,9,9,3026,2024,0,0.8,1,1
RA-1252,,Aluno-1252,PEDE2024,9,9,3027,2024,0,0.76,1,1
RA-1660,,Aluno-1660,PEDE2024,9,9,3028,2024,0,0.76,1,1
RA-1661,,Aluno-1661,PEDE2024,9,9,3029,2024,0,0.7777777777777778,1,1
